,ISIC 01T03,ISIC 05,ISIC 06,ISIC 07T08,ISIC 09,ISIC 10T12,ISIC 13T15,ISIC 16,ISIC 17T18,ISIC 19,ISIC 20,ISIC 21,ISIC 22,ISIC 231,ISIC 239,ISIC 241,ISIC 242,ISIC 25,ISIC 26,ISIC 27,ISIC 28,ISIC 29,ISIC 30,ISIC 31T33,ISIC 351,ISIC 352T353,ISIC 36T39,ISIC 41T43,ISIC 45T47,ISIC 49T53,ISIC 55T56,ISIC 58T60,ISIC 61,ISIC 62T63,ISIC 64T66,ISIC 68,ISIC 69T82,ISIC 84,ISIC 85,ISIC 86T88,ISIC 90T96,ISIC 97T98
ISIC 01T03,1.2558523874951333,0.0012961485576202857,3.110235722135901e-4,0.0012961485576202846,7.517239037424117e-4,0.24907587027227657,0.03115101970352988,0.07698489360244337,0.005383057914331619,6.961891736367233e-4,0.019878941259962007,0.019878941259962018,0.009564846919515141,0.0012049368690774563,0.0012049368690774565,5.314546711123994e-4,4.734680345470778e-4,4.8073524118265586e-4,2.1238989372462602e-4,5.490925981974277e-4,5.768583464559486e-4,8.392163260137115e-4,3.183391436133232e-4,0.005156079870729533,3.1965174675499444e-4,3.948854078456619e-4,7.996938831228149e-4,0.0021567351959744948,0.0014334919300194296,8.046524177103144e-4,0.01635869029507765,3.739599388620603e-4,5.768382356401273e-4,5.733613728501599e-4,3.964032223090694e-4,4.676734932833595e-4,0.0015410259638140857,0.004439902918721858,0.002752885130513218,0.0022347374565950067,0.0019667996271737413,0
ISIC 05,0.008706530021770987,1.049046636467607,0.003207329639359622,0.049046636467606604,0.003955115017787414,0.004320847547490032,0.016552629386345188,0.003548926376855423,0.005374443146424459,0.009968857500120274,0.030740532291577798,0.03074053229157781,0.02122890693131981,0.06117308047990218,0.061173080479902185,0.02548343820166419,0.030944579242661037,0.005018066075197892,9.837530603309342e-4,0.004364363044312441,0.002811171728337437,0.00362083857258039,0.0012741547278331579,0.003977568318201745,0.008749252718082873,0.004570298799696468,0.005371440563042211,0.009940796302117461,5.636143191375307e-4,0.001317674935877781,0.001417059423656057,4.887853528114614e-4,9.266918426869158e-4,7.226289515999057e-4,2.807310532119096e-4,0.0012713129230117984,0.001780198529518937,0.0033427629864419568,0.0014360939189932665,0.0019288928367613594,0.0024503685982450933,0
ISIC 06,0.012242285659499365,0.012474489355173812,1.0338577660313895,0.012474489355173812,0.008289035226334134,0.004772316237332354,0.00862217342465578,0.005317941221823214,0.004542210255214023,0.3650201171123742,0.018885211767426184,0.018885211767426188,0.011367495672820848,0.004873386302457364,0.004873386302457363,0.10704904780876759,0.016243087849851737,0.008930000994071825,0.0013126786603136192,0.006984921544270251,0.005301682875065663,0.004484200868484453,0.0018433119902541914,0.004811590634881402,0.026431849072721562,0.013545133884831875,0.015595591887007985,0.007919833935242444,0.001537716292620147,0.016624879445437536,0.0020586664596285355,8.003892746870799e-4,7.881379741730559e-4,0.0012518955508158019,0.0010780037611358235,9.476609313072654e-4,0.0019307939980271838,0.0109358654537352,0.0019541479458113965,0.0017833563046400227,0.0019058206492204197,0
ISIC 07T08,0.0013216568356812647,0.007445310840540905,4.8687469422870343e-4,1.0074453108405401,6.003889937889499e-4,6.55907426126951e-4,0.002512699746311994,5.387292978456228e-4,8.158439130963187e-4,0.0015132789556827856,0.004666432497682963,0.004666432497682965,0.003222561673785295,0.009286112811163014,0.009286112811163013,0.0038684022465519164,0.004697406955592685,7.617456453491347e-4,1.4933434486041954e-4,6.625131064254846e-4,4.2673766951249157e-4,5.496456152316646e-4,1.934175040510291e-4,6.037974191779399e-4,0.0013281421683543468,6.937742860382466e-4,8.153881190151028e-4,0.0015090192478468183,8.55570147594161e-5,2.0002389951611325e-4,2.1511052843766853e-4,7.41979297273179e-5,1.4067241546226257e-4,1.096955378497544e-4,4.261515374526332e-5,1.9298611625836887e-4,2.702352773751601e-4,5.074335630895438e-4,2.179999770254826e-4,2.928071684847556e-4,3.7196752319365443e-4,0
ISIC 09,0.0024601315891982617,0.014641998889925949,0.06083798878406393,0.014641998889925947,1.0264607893483655,0.0024855383026196275,0.0020074239326669957,0.003342367300026959,0.002391754962038978,0.02664056981623883,0.003290370704563279,0.00329037070456328,0.003966589447355494,0.0031337696781414686,0.003133769678141469,0.009665418957129952,0.0036901564078451344,0.008278807516853198,0.0017893216440617303,0.005712775325675731,0.006031952913776789,0.00450423070215358,0.0035437472870866165,0.0044339078363942195,0.003437777974617591,0.0036331870382693625,0.0034229715960980038,0.004924543630047219,9.801650945042487e-4,0.0028642070106964465,0.0014919152279598202,9.361826081060164e-4,0.0018458496261521218,9.825335393381864e-4,6.528536365586395e-4,0.0029532185856621443,0.0010700653715342745,0.003388777942705378,0.0011738780617249489,9.806422168608042e-4,0.0015651534505535581,0
ISIC 10T12,0.04559116367391705,4.943422616935852e-4,4.004388263869732e-4,4.943422616935851e-4,6.10685179404233e-4,1.106732500088086,0.0045043285737258205,0.0034557502602286334,0.002574070774280145,0.0013067973034991674,0.007786828046799006,0.007786828046799007,0.0036585845514341296,0.002722816046610241,0.002722816046610242,6.453385726059642e-4,4.1250473122170564e-4,4.5433251832228256e-4,1.7967772896095754e-4,4.108864651315502e-4,3.9680210378367325e-4,5.282405107650541e-4,2.2819275789332451e-4,8.950278298331157e-4,4.207838744077321e-4,3.5989924360826903e-4,7.11376467899723e-4,5.368175490669395e-4,0.001282636864953961,6.323710679904159e-4,0.034366215401625565,3.396061785457951e-4,3.36101437027909e-4,8.460979919148689e-4,5.197900485331424e-4,4.4927590835746266e-4,0.0014877900327505901,0.00939086895394146,0.008310138987323147,0.006922522526071506,0.0037384258009866096,0
ISIC 13T15,0.0014317394049441978,5.634820742979794e-4,4.181462715924504e-4,5.634820742979794e-4,4.95376611350289e-4,0.001020657464555125,1.0813084455833686,0.0028737713835484996,0.022068629196592346,9.544015908040637e-4,0.004762719363725276,0.0047627193637252785,0.010882484206740945,0.0016907004580409605,0.0016907004580409605,4.885612649445653e-4,3.2458521099619915e-4,4.7440182457279963e-4,2.259442522191227e-4,6.08331462132703e-4,0.0011051734421392068,0.00464970271903769,0.0020505253891196515,0.01817338715406076,1.5037547068605405e-4,1.754210057497553e-4,0.0010933130104828993,9.779792560361113e-4,0.0015981439169222974,2.976744644395621e-4,0.0029234449033542467,7.059371689113489e-4,0.0014775086379740573,2.1951508269382823e-4,1.293613791645249e-4,1.6056476135240167e-4,6.264992050255283e-4,0.0018651334391198758,3.668388148793373e-4,0.00260442777311295,0.0024691426261496036,0
ISIC 16,0.0011887340136873287,0.0014482768422672374,5.037680677025986e-4,0.0014482768422672374,0.0016074542318827074,9.170471645405429e-4,0.0012184556154311188,1.1083014895387642,0.004114853529547487,5.611199747818955e-4,7.848048475096997e-4,7.848048475096998e-4,0.004674733539095531,0.0012972526501314457,0.0012972526501314457,0.0011427880334182782,0.001347535513763654,0.0012973883685187153,6.026737758927964e-4,0.002869350042421087,0.002246919516386829,0.0034847629496428017,8.793640867562955e-4,0.03266835858118217,3.705798942733138e-4,5.338882145751447e-4,5.89499385950759e-4,0.012887984505895069,0.0012022305268607682,0.0034275328111171037,0.0013087037557980537,3.596155653272403e-4,7.190952078042225e-4,5.681802271472464e-4,2.2068895579918402e-4,0.0010262983597177336,6.143080510558657e-4,9.491471410287864e-4,3.422867368009095e-4,0.0010594866804335581,6.908402423338998e-4,0
ISIC 17T18,0.0012156719737244327,8.258891002142422e-4,4.108485536841415e-4,8.258891002142421e-4,6.231582650289949e-4,0.007401211694583356,0.0020543675476460675,0.002273664131890805,1.048166961123111,4.8777720415251033e-4,0.002099496514707709,0.002099496514707709,0.004517966706473125,0.002651214884825781,0.0026512148848257815,0.0012139108642584336,0.0014695103167179564,0.0014124186161702515,5.215919248110148e-4,0.00235437350791983,0.001560568849459499,0.0021028431571978416,6.069398237880985e-4,0.0036790078646448034,3.0541956166101015e-4,5.363790674416312e-4,8.021907995654231e-4,0.0010268101178885648,0.002820984523583607,0.001089075333870236,0.0033372229636455817,0.003926199133802394,8.52027570614713e-4,0.0018745619851709904,0.0014811856618881412,2.6259053570233497e-4,0.0021387529976258394,0.002388309509855493,0.0012607597519769121,0.002314007749559612,0.0013691491158423278,0
ISIC 19,0.021362666035261584,0.020107319238047747,0.011340515029624574,0.020107319238047747,0.013175282247586068,0.008166470554602097,0.019231784755634952,0.009106143431957042,0.008109963181512735,1.0269302079942932,0.03535412334197683,0.035354123341976844,0.02503808121839032,0.00820594788553944,0.00820594788553944,0.021076837974125205,0.019016448469554206,0.011032170702165837,0.0018582669575733148,0.00912748146992972,0.006675784490636827,0.0061378620574225095,0.0024094019602515088,0.007634696121835532,0.017887606818699605,0.010025121252204908,0.013352331457600437,0.01276649836841679,0.002381498079472144,0.026772980198909186,0.0032164171021800032,0.0011108379173740887,0.00118473832903503,0.0019091823456797723,0.0016815966841349577,0.0014279247441187012,0.0033156653525717463,0.015873771016899563,0.002504839197172816,0.003230992993959476,0.003051581324750716,0
ISIC 20,0.01071850590769736,0.0035778061452151795,0.00348783824860325,0.0035778061452151795,0.0031943981712765136,0.0042942488750083545,0.03202987872400916,0.005082370135127182,0.006296233432034661,0.009173816024580329,1.0516555896709934,0.05165558967099312,0.04099602093990396,0.005164940890017212,0.005164940890017212,0.0035728645000745744,0.001601326446450715,0.0029285768989622644,0.0011950363221426032,0.0030693729186893936,0.0018594076321099909,0.0037234304789553856,0.0010059520964233173,0.005512453752035904,6.23076524239655e-4,4.637206098405652e-4,0.0017619131381828982,0.001914754499325242,5.218742580173263e-4,7.254647125340103e-4,8.035631965580444e-4,3.950932763719652e-4,5.788289711637381e-4,4.129822817016144e-4,1.6440611280663648e-4,5.465761005946562e-4,0.0022307463086827027,0.002197533550117879,5.410037241058885e-4,0.0030740984502014936,0.0013418499679984052,0
ISIC 21,0.0018915010425348295,6.313775550379722e-4,6.155008674005734e-4,6.313775550379722e-4,5.637173243429144e-4,7.57808625001474e-4,0.005652331539531029,8.968888473753847e-4,0.0011111000174178812,0.0016189087102200582,0.009115692294881123,1.0091156922948816,0.007234591930571288,9.114601570618607e-4,9.114601570618608e-4,6.305055000131598e-4,2.825870199618908e-4,5.168076880521642e-4,2.1088876273104757e-4,5.41654044474599e-4,3.2813075860764544e-4,6.570759668744796e-4,1.7752095819235008e-4,9.727859562416297e-4,1.0995468074817441e-4,8.183304879539385e-5,3.1092584791462895e-4,3.378978528221015e-4,9.209545729717522e-5,1.2802318456482531e-4,1.418052699808313e-4,6.972234288917028e-5,1.0214628902889493e-4,7.287922618263778e-5,2.901284343646524e-5,9.645460598729224e-5,3.9366111329694757e-4,3.87800038256096e-4,9.547124543045087e-5,5.424879618002634e-4,2.367970531761891e-4,0
ISIC 22,0.004446998880438655,0.008912776861643055,0.0013117739039025266,0.008912776861643053,0.0062512811533778,0.011138130175626823,0.005852219275458255,0.007008555889074437,0.014297463737840882,0.0018114122514137816,0.009029244386549885,0.009029244386549881,1.0367062857566383,0.005282625310001893,0.005282625310001894,0.0022131367770149507,0.0023545440335911608,0.0043333733469797155,0.004143830985146969,0.009832144626792527,0.015295389431462312,0.0210702109349541,0.005487796454481561,0.017321018849549216,5.581898064121113e-4,0.001429019595770424,0.0019218238192892313,0.009694945671322851,0.0033677929919113427,0.0020005084159152573,0.0029890857151842346,0.0013892890410741388,0.0030516753601773287,0.0018280874853432378,5.037583411708222e-4,5.467951834913178e-4,0.0022471673376290888,0.003355881655840564,0.0013871664728588877,0.0036614297256836576,0.0025177660660568083,0
ISIC 231,2.6328166378318264e-4,0.0012680884736678253,9.13319088994545e-4,0.0012680884736678256,0.001865442957598404,0.0010217736751588055,3.1511572212463264e-4,0.001975638986678826,3.770619773344369e-4,0.0010566044986998274,6.366816273856981e-4,6.366816273856981e-4,0.0017992221826669103,1.0205802401141149,0.020580240114114745,0.0018602017778541792,0.002143068467328198,0.0011708823767909947,3.025265078423571e-4,0.0033263946486751985,0.0014224286823559076,0.002700010104591399,3.70979402431234e-4,0.0012241343543591503,2.0000404467889642e-4,2.0561463115234262e-4,4.817664738563326e-4,0.007879356961974697,1.609529199374248e-4,2.4617847292421135e-4,5.01117772593865e-4,2.4841426536530094e-4,7.306190508224846e-4,2.3955333192242497e-4,7.41553355929589e-5,2.7202977997902805e-4,4.395035725483285e-4,4.83732195161442e-4,0.00016080700509823011,5.656305843379093e-4,5.003776966817663e-4,0
ISIC 239,7.89844991349548e-4,0.0038042654210034745,0.002739957266983635,0.003804265421003474,0.005596328872795215,0.003065321025476417,9.453471663738982e-4,0.005926916960036482,0.0011311859320033116,0.0031698134960994823,0.0019100448821570957,0.0019100448821570953,0.005397666548000731,0.06174072034234423,1.0617407203423446,0.005580605333562539,0.006429205401984595,0.0035126471303729844,9.075795235270712e-4,0.009979183946025596,0.004267286047067722,0.008100030313774197,0.0011129382072937017,0.0036724030630774533,6.000121340366892e-4,6.168438934570281e-4,0.0014452994215689988,0.023638070885924095,4.828587598122742e-4,7.385354187726341e-4,0.0015033533177815953,7.452427960959028e-4,0.0021918571524674538,7.18659995767275e-4,2.2246600677887666e-4,8.160893399370849e-4,0.001318510717644986,0.0014511965854843265,4.824210152946904e-4,0.0016968917530137285,0.001501133090045298,0
ISIC 241,0.0016696535643127561,0.0024041120853225775,0.0032238075684282207,0.002404112085322577,0.0021776829978747128,0.0012690696016664043,0.001349343397343568,0.0015847021008477456,0.0011452771656181085,0.0025051232982042622,0.002175582757964184,0.0021755827579641833,0.002734390253030524,0.002364808850719024,0.002364808850719024,1.0382585190277902,0.05084373422180495,0.026220439105160358,0.002860167983072823,0.018212543220189066,0.014535334874569737,0.011449169394474509,0.004414311283182336,0.00696454511995623,0.0011897158125852756,8.432561453696843e-4,0.0015944463519404909,0.0023613351466929837,3.353184058607461e-4,0.001996341222593355,3.879301086673338e-4,2.447895539177552e-4,4.975308671665324e-4,4.093101031947646e-4,1.446996481260669e-4,2.3459408751745641e-4,4.723094660711773e-4,0.001222586831071036,3.661266157266298e-4,3.998758145070346e-4,6.997355803673884e-4,0
ISIC 242,0.0018729627816529636,0.003705571920214339,0.0064483499513455205,0.0037055719202143387,0.0038336529563344412,0.002187854578218358,0.0013273519929385498,0.002835349939465317,0.001904356415039903,0.00329518475358237,0.0017285707736612505,0.0017285707736612508,0.004009312195461593,0.004740841264666879,0.004740841264666879,0.08727404812105692,1.1168346547616699,0.06013635492845038,0.006497760368613723,0.0416316253211658,0.03328363112566312,0.026133515842855927,0.010071906093242771,0.0155276527855305,0.0010821719076504182,0.001018288584131087,0.0024560021233363725,0.004300883620265667,5.568983491256828e-4,0.0021229149532026688,6.005979785327829e-4,4.659870196883845e-4,0.0010487188968445027,7.742706499551172e-4,1.7839703023767196e-4,0.00041217168629397284,7.880850284456197e-4,0.0013495671609439046,6.171046282222893e-4,6.270910568289572e-4,0.0013437528780695376,0
ISIC 25,0.002790431526067883,0.0037808503736645256,0.008683130266234674,0.0037808503736645248,0.0032580943451631867,0.0052104216875024124,0.00258371647777739,0.008029708009710283,0.004403410462837597,0.00415344839590749,0.0037897464414643487,0.003789746441464348,0.008029793500958352,0.003820554237872432,0.0038205542378724313,0.004819334250643238,0.005053726442083827,1.023634832344098,0.004828619242225174,0.016416588226071713,0.017399311594714147,0.012704372452794991,0.010406535839383727,0.012160557747961126,0.0011568153466047402,0.003954526183766371,0.004856251183056782,0.013002248622408133,7.292931806879975e-4,0.0018814494835358647,0.0017203029652775573,0.0015660026878643984,0.004198134231931013,0.0015114281156352355,2.518645673517945e-4,6.162206518713786e-4,0.001174371943999013,0.002026148537637529,6.840642830564822e-4,9.32997487876981e-4,0.0019850557523148626,0
ISIC 26,8.912749250934716e-4,0.0012182140659210046,9.390829397482067e-4,0.0012182140659210043,0.0020065433334692,0.0026964134083214634,0.003208493209002713,0.006018812081715334,0.003914299385620398,0.0011040163913099328,0.003727622598612599,0.0037276225986125986,0.004664525471700728,0.0026096515161641554,0.002609651516164155,0.002576868413819045,0.003095313145402367,0.008108524377477302,1.0542017786965796,0.010312974157007031,0.009723717249593856,0.02073932230706903,0.025419848112449312,0.006192026844721217,5.777959225095423e-4,7.434157920842878e-4,0.0036746109955407367,0.0036645521927530637,0.007735806132419244,0.001315826163162388,0.0010203862770036883,0.0070293919249436385,0.013903159087899688,0.008305201180164078,7.419688884396507e-4,4.1849229904760473e-4,0.004110455275595887,0.003649998806239066,0.001699470837615997,0.002326199917155186,0.003292065044891317,0
ISIC 27,0.0010759546567669872,3.280638929821675e-4,2.238583493190126e-4,3.2806389298216734e-4,8.429044911763611e-4,5.202500102612978e-4,1.9953315330109586e-4,6.889258368271482e-4,3.170783861375675e-4,1.8862375796128866e-4,2.587526671626723e-4,2.5875266716267217e-4,5.781169815634956e-4,1.9152936313637285e-4,1.9152936313637282e-4,6.832566276418773e-4,8.57367673038669e-4,0.0010519653108802035,9.593540138162079e-4,1.0086315492211126,0.004616572306622412,0.0014086681493700472,6.875486546952748e-4,4.673118975493724e-4,7.802814142311732e-5,9.350288344099535e-5,8.057181535324998e-4,0.002409521282874183,1.325787211966795e-4,1.5047000597480611e-4,2.609446713879665e-4,2.0464075853307743e-4,6.22294389245767e-4,5.66791716802464e-4,4.7788591998960165e-5,1.2679063384762374e-4,2.814298446392798e-4,3.227964832663412e-4,1.912027089153559e-4,2.1246119304268687e-4,5.348194708720873e-4,0
ISIC 28,0.01342804580429861,0.030475844050996775,0.023575366364076644,0.030475844050996768,0.03589661905430394,0.00995965797183554,0.004642925562339259,0.010589163794295794,0.013694625206207319,0.010524482022595727,0.009509426850692724,0.00950942685069272,0.012866201134923868,0.005858488919897981,0.005858488919897982,0.010188380330193854,0.010070072347423705,0.021523668770686934,0.008882053773227422,0.056551841104096855,1.0879418161453507,0.053518687670509116,0.017333645657582476,0.009222744111726178,0.004706617774934758,0.004689502556653258,0.02400174125316186,0.02821782144635593,0.0031149590445749306,0.0063643859680934944,0.003483536789405474,0.003082661196942192,0.006421485811169209,0.007292734623163162,0.001322031354732781,0.0018153343378819603,0.0048319320788181635,0.005423604849646651,0.005279246478571776,0.0032713549603129444,0.008951936112716297,0
ISIC 29,0.0037623585224814387,0.006690596261824423,0.003045234760522444,0.006690596261824422,0.004831602261721144,0.005726029969772699,0.0017953217724156556,0.014089886782991742,0.0035457462873310533,0.0018089487927960995,0.0024139534860906854,0.002413953486090685,0.0032477442643529257,0.004051860910896654,0.004051860910896653,0.003089281074645247,0.003539958750376679,0.004157773454173428,0.002747067992722819,0.00619389842513775,0.022921677023498073,1.1689763614532722,0.007444040408008537,0.005607935819668289,7.466548427907306e-4,7.531108941459112e-4,0.005450545606656979,0.0024953506147994487,0.00382060915652477,0.007889474444028252,0.001513770187005257,0.0010348596897489198,0.0017323658189531037,9.338527738310759e-4,3.7792540924763213e-4,3.441206289133361e-4,0.003907409483100879,0.004152344299623068,0.0014467583133662165,0.0020322380682400924,0.008799139322577615,0
ISIC 30,1.9286651982760374e-4,2.1664860052520395e-4,1.2355431649360148e-4,2.166486005252039e-4,1.847581752144263e-4,2.0913180335448261e-4,1.57360238176122e-4,2.6426123886771457e-4,1.9441166913037526e-4,1.3995947767969825e-4,1.478904859128871e-4,1.478904859128871e-4,1.9406027864762396e-4,2.2306223059830616e-4,2.2306223059830613e-4,2.0249328229279544e-4,2.2450521631743055e-4,2.9191549321222753e-4,2.1948999168382657e-4,6.721952940507656e-4,6.26569784140415e-4,8.114103276258835e-4,1.1673928315838402,1.8121160276165938e-4,1.571412664162961e-4,1.5979311937005017e-4,4.0250662916514003e-4,2.7789249612544743e-4,2.1019731306869656e-4,0.0026893223360330014,1.424365694185331e-4,1.2950389013837487e-4,1.6303927895116295e-4,1.9564282392891505e-4,8.558666223410862e-5,7.039538263100443e-5,2.9952877662678195e-4,0.005542597053130191,9.580907099997084e-5,1.5129070050933998e-4,2.4670163332167055e-4,0
ISIC 31T33,3.4304221532762514e-4,5.993393583594162e-4,2.836690779271097e-4,5.993393583594161e-4,5.001192400182949e-4,2.6507618524486545e-4,8.566970433583449e-4,0.0030009371098657406,3.44830285028874e-4,2.561190329308867e-4,5.006814958374123e-4,5.006814958374123e-4,0.0012291663497622494,4.511997763365517e-4,4.5119977633655163e-4,2.6226635417783033e-4,2.644302146778136e-4,3.992950789935449e-4,2.58446243025499e-4,0.002630029948474852,0.00392742091146237,0.0027493034411430564,6.738144240405913e-4,1.0295606760510991,1.75816649741603e-4,2.1092170195764515e-4,7.782473464806517e-4,0.005997265123101979,9.196846216792637e-4,2.887814980963839e-4,7.316941624500661e-4,1.8720347038475674e-4,3.398104431235418e-4,3.287308340889956e-4,1.311530300928362e-4,8.590082963717009e-4,8.148606774023168e-4,0.0015152062082164908,6.708138667968544e-4,0.010188281783253109,0.00168882926291738,0
ISIC 351,0.005066707896324819,0.006862143043964569,0.009039414322636174,0.0068621430439645675,0.0016504155221474597,0.0029785717840858385,0.003370460998238381,0.0033434041183289537,0.0036673250182675393,0.01471435601458643,0.004031601152396899,0.004031601152396898,0.004052869303052318,0.005508886207430088,0.005508886207430086,0.007217674605394948,0.004578838577364912,0.0027573100826152603,8.655371797251923e-4,0.0016906628493833793,0.0017316049864569336,0.0015371268716621407,0.0018460715308788503,0.0019188084207058958,1.0123134415934425,0.00837924641031162,0.012713529563725538,0.0017439774188850727,0.002167522949368252,0.002440780981388353,0.0038011215527345857,7.752888667449818e-4,0.0013309184431272096,8.587941066909709e-4,6.209405066198377e-4,0.0020170502389820527,0.0011875038900866148,0.003006009704683929,0.0025402214011053933,0.001818467116121427,0.0022083668538123075,0
ISIC 352T353,0.0029950609696020552,0.003800414203669467,0.011353324814379024,0.0038004142036694665,0.0011279846183019665,0.0015973427987124513,0.0019409504732630337,0.001772548393795281,0.0018971665659179924,0.022203796926268442,0.0026298218808983712,0.002629821880898371,0.002329194914013207,0.0027567189188157067,0.002756718918815706,0.007767574815757634,0.0026860165989241627,0.001593670378823805,4.5269919157845474e-4,0.0010332336871119534,9.93804452737912e-4,8.7413240357544e-4,9.259677676792615e-4,0.0010733734287455235,0.010756786723967432,1.0062703672219944,0.007425871002312431,0.0011179657590253828,0.001074242149373211,0.0019208631221477063,0.0018317837726426812,4.10031326742561e-4,6.661185437219057e-4,4.733077068142702e-4,3.3557817756714925e-4,8.233164153331651e-4,6.309700852396094e-4,0.0020826147860776656,0.001246228649075716,8.946923509964346e-4,0.0010768009523731664,0
ISIC 36T39,0.0010192969071717778,0.001399598910731252,0.0016024533966060692,0.0013995989107312519,5.486278791709302e-4,8.173086817716586e-4,8.226588794033151e-4,8.350935584416468e-4,9.040997352255422e-4,0.002203681702696422,0.001063543598877322,0.0010635435988773218,9.63730783237841e-4,0.0013405740269486948,0.0013405740269486946,0.0013427130489368682,0.0010396516036739484,6.992516740802619e-4,2.2451712728565958e-4,4.2291999818009675e-4,4.7471933187711343e-4,3.8001635455034243e-4,4.575326308654963e-4,5.805230048704158e-4,0.0021840324269068044,0.0019040132143985998,1.010892972481309,5.348855752178837e-4,6.825225070935457e-4,7.938530704979097e-4,0.0011713635892224147,2.2144696027114752e-4,3.2974133431053784e-4,3.000039311030242e-4,3.0119157102052375e-4,0.001795270828441162,5.787779562291304e-4,0.0017549874587523546,7.145034845551547e-4,8.034999272382021e-4,8.756025330105809e-4,0
ISIC 41T43,0.006022398958929176,0.03181990166046462,0.002740257409087703,0.03181990166046461,0.0195376515654713,0.004322153968930864,0.0039803759752539926,0.004436689660513009,0.005973128878997428,0.015823274535763397,0.00496867162379519,0.004968671623795189,0.005401704906510601,0.009677021799519861,0.009677021799519863,0.009290364837795545,0.006990776988466943,0.005214094739023102,0.002035796747448509,0.0027187195369808687,0.0036466770333489036,0.0027240528693574066,0.002180395162719574,0.0034365619512451017,0.0117290147964579,0.014759845217726105,0.0074300118281494685,1.0020412914128223,0.004857566458381871,0.009595188100843434,0.00687590268363843,0.002108320924189268,0.003984218528268593,0.0018839756454161831,0.003995534733760476,0.02869540559362039,0.0033611780557216936,0.020148974927645977,0.007746905095322964,0.0041564996668280105,0.0071854896628968925,0
ISIC 45T47,0.0451837542118858,0.020404339123515327,0.011539447677835973,0.020404339123515327,0.016193021776119417,0.04121341079961208,0.024189150981462546,0.03879026126454822,0.02916357007526408,0.01898457147454212,0.02924291873346887,0.02924291873346886,0.02793088551849726,0.021441514779685557,0.021441514779685554,0.02979505762620238,0.033600354767754186,0.021489818930823044,0.012118322247266198,0.0264748440664247,0.0337100497640022,0.044087668160139024,0.016582639136493483,0.030954087792794568,0.013348596912742818,0.011109041347452994,0.017739922904428843,0.0643470444489894,1.012671662300009,0.02953507665598876,0.02021203083850546,0.010425031421024744,0.010904855812376846,0.007661557614280671,0.004537396385005825,0.006788925704463471,0.012771573890605247,0.012204100417333993,0.007370306292797851,0.012497770552609429,0.01579445128185435,0
ISIC 49T53,0.03183907317606841,0.02674366127382728,0.008082217043865862,0.026743661273827272,0.012307069836146213,0.04075748717740543,0.024670847615451068,0.040965810959326804,0.027141480964569416,0.022800305442925935,0.019182307781058363,0.019182307781058363,0.028634930658322493,0.05467375093514162,0.0546737509351416,0.03745543824573268,0.042614053148080804,0.018094643197023506,0.0048794138154532995,0.015391413758741482,0.015321412154538833,0.016793222629561073,0.008181156311890581,0.02231927097078438,0.031821964366270834,0.027936873117022153,0.031963666938577405,0.017406514110922533,0.0354184333712208,1.1281192859361364,0.01075920701829507,0.007950264542171437,0.005428527838212735,0.01648779246811813,0.008210982251315299,0.0049126606147722575,0.016816635431633968,0.016910655027796793,0.007717775299998319,0.013475568141711964,0.008969015481393719,0
ISIC 55T56,0.002135978406013619,0.0016992633662235143,0.001414544268847291,0.0016992633662235139,0.006524091734722432,0.002256307215434262,0.001973459934636311,0.0030801092522209656,0.004266684910503874,0.001654502450864066,0.001534855336537823,0.0015348553365378225,0.0034737373907979562,0.004279426742356095,0.004279426742356095,0.0023771274377060773,0.0026314918352240827,0.0029572868195691967,8.00130693706756e-4,0.001476098176482851,0.0024573730301249057,0.001781052138181383,0.0012510985901523133,0.0030730593963606257,0.006615776025402216,0.004659470243442788,0.008882410947967649,0.0018202788141159292,0.005973973130234778,0.0050980359307011905,1.0176296424065165,0.003365174749272061,0.0032967021670556843,0.017353248712356852,0.011596066688442931,0.009040879120880736,0.014421006190523543,0.006451286111196631,0.00708362374513739,0.023430505762137205,0.005597775122448924,0
ISIC 58T60,0.0014248186537921886,0.0017152791069228934,0.0018854687377992763,0.0017152791069228927,0.0027398298043914276,0.0015692030039363746,0.0014087025745211194,0.0020854310596217242,0.0031110444360446694,0.0012646429927316947,0.0010263404728642336,0.0010263404728642336,0.0014333215662826503,0.0030959886395878454,0.003095988639587845,0.0013168581598525775,0.0013352379277375053,0.0020904682858738353,7.956712872084024e-4,0.001096268056654593,0.0020037045902915698,0.0011034309934377898,0.0017625355466065452,0.0018929817913912541,0.002234745143164053,0.005779513820692695,0.0034069168596701023,0.0021427514735470055,0.0035017709406317526,0.0027821487239513307,0.004852413315370621,1.0378233747546814,0.041287556677480255,0.0067845393570946716,0.0031262745705344587,0.0012645210011549676,0.005066710742503619,0.00946639671357281,0.0038229886763024756,0.0034766794525155384,0.0036594738357441734,0
ISIC 61,0.0018180148311596402,0.0021646474974710405,0.0021184430561023344,0.00216464749747104,0.003896275122995999,0.0019445972057104343,0.0018332344188076131,0.002577938377552843,0.003216319773710411,0.0014899504774700477,0.0013194839727483961,0.0013194839727483957,0.0017784442823204235,0.0041317540311469865,0.004131754031146986,0.0016147037919950042,0.0016586170281345297,0.0025683806323049223,9.985260381440374e-4,0.0013601672882664689,0.0024242924067044216,0.0013760473265067021,0.0018554092044115531,0.0022844922811465634,0.002488357035969192,0.008172655726808463,0.0042560739060187635,0.002649018542864049,0.003923945396090728,0.00349582549233512,0.005588897572013833,0.022254619906637216,1.0490354216915934,0.007333970340955549,0.0036403164174972596,0.0017010213008348673,0.005363144784521672,0.011720899584003736,0.00369879365172046,0.0035740732510340617,0.004502444493056149,0
ISIC 62T63,0.0013515828133389299,0.0034099255374569434,0.005613615619313742,0.0034099255374569425,0.001876795869427181,0.0020009587584316306,0.0020843569122761503,0.0031931150617845613,0.0034013566601110677,0.003026913109191225,0.0013284899874456747,0.0013284899874456745,0.0022313914334383717,0.004013544871878036,0.004013544871878035,0.0024614718106100056,0.0022624361588344383,0.0036953138920846405,0.001203895316854486,0.001920476650180703,0.004173021733477964,0.001720642558629789,0.004361508251345037,0.0034154009857058883,0.004780120693552121,0.0031602913973009053,0.005545374252499554,0.0025251586613282864,0.0052914993210641855,0.0036927776781602384,0.004970771046812383,0.00851924624593405,0.004459103365180965,1.011016331726296,0.005848430557527873,0.0010699439004546265,0.007081645766964509,0.00840907317410799,0.005131420872520231,0.0036541171366489904,0.0047070858787699055,0
ISIC 64T66,0.006574881748307784,0.009550648748750765,0.008686465302464256,0.009550648748750763,0.02374474849193387,0.005167383859542188,0.005841597058855056,0.004298371683518248,0.004334499033633705,0.005052310570123525,0.00414278052968937,0.004142780529689369,0.004568310910212343,0.006480223460773085,0.006480223460773082,0.005481979875832165,0.00563322371055782,0.005317618888750015,0.003369803662690826,0.005724977370575202,0.005491701844023365,0.005344722633861239,0.0034224004573187913,0.0064121458700856756,0.006238532858280059,0.01264624919927029,0.007112075412807721,0.003534250966736088,0.00953917363674249,0.014150208727820012,0.009244658009137452,0.006139627439241735,0.007395626090791534,0.005622169441759165,1.0604845597706833,0.014773467270754563,0.010496781386199501,0.0059883440655596155,0.005518664847445854,0.009176649180600807,0.0077149536542491385,0
ISIC 68,0.01628467082212391,0.007563290449044291,0.010610265307076443,0.007563290449044289,0.014157380375933748,0.013755445989191496,0.016307237459102633,0.013462868408925957,0.02464755944055825,0.007066884785055443,0.010777002432935463,0.010777002432935459,0.017039442625642172,0.014474205483665464,0.014474205483665457,0.007435021537361008,0.007564605879045157,0.018587126715736247,0.011306475074994538,0.009797158987367684,0.011187307510197985,0.008927851876453083,0.007602295343554868,0.020427002825895123,0.021643755617197672,0.017447672168294803,0.028692260258902,0.01666813557974582,0.06423251375589534,0.02539532099182101,0.050915913620150535,0.027866044355824002,0.03744658842979547,0.024912691957972778,0.028200205122028824,1.037878654102001,0.04720228353200993,0.014463523527268905,0.09735654757431801,0.07949206134120176,0.09167372891952745,0
ISIC 69T82,0.01081780798067214,0.03736840635516521,0.034261500543579716,0.03736840635516521,0.044237168946193714,0.021000600958787623,0.023264532598394075,0.01596265438603293,0.028376059282500334,0.02230361699600984,0.022313500753194798,0.02231350075319479,0.018979433564685986,0.024322328061601506,0.024322328061601502,0.02116969183828403,0.02077054955172137,0.027963525037030142,0.015217529523467856,0.016637015742161414,0.025061558710805325,0.019295732739858303,0.021161824550280643,0.02146074988904272,0.028788532936366403,0.0333653185514806,0.03885354795743822,0.02154437543294646,0.04354232010899333,0.04513081691650483,0.03696728864129865,0.04354530717066311,0.039339325444657576,0.05459653619797052,0.027201122243997747,0.019033541476085193,1.0552593336252378,0.02600667775195221,0.021813195235867486,0.040483369423719974,0.03147321883385893,0
ISIC 84,0.003561537271194733,0.004921384608628956,0.0045390791782305585,0.004921384608628956,0.004445735807597283,0.005678205338131085,0.0069777538359371985,0.004186266396539803,0.009623798052590326,0.00587041635970132,0.00537872774574568,0.0053787277457456794,0.005001475780830548,0.006123948739798364,0.00612394873979836,0.004926470932298901,0.004594201616536104,0.004243610491646181,0.0017348291376256236,0.002929442647372854,0.003817891563607468,0.002988364846429904,0.0029191664057097513,0.00538634337597603,0.006835112229261407,0.0070466619709405555,0.013960087346514449,0.00301618566345255,0.007054517846709078,0.0076779999951226766,0.008479093900503797,0.004490789048175245,0.004286774809915509,0.005884306558620547,0.004822290937717431,0.004120361841081393,0.007615409020094325,1.0079520903319512,0.005478126496516831,0.008334291687093168,0.006896069544805494,0
ISIC 85,8.731855431811979e-5,2.0115587326523758e-4,1.9554916968272473e-4,2.0115587326523756e-4,0.00027557315143419986,1.3342406120961034e-4,0.00013784323718760621,1.296743304672349e-4,2.1158697269167028e-4,1.377377223270893e-4,1.2445600750291e-4,1.2445600750290997e-4,1.3975847139627786e-4,1.8235925806781483e-4,1.823592580678148e-4,1.380873317234756e-4,1.3821039442556542e-4,1.7789355322826272e-4,8.11750828599967e-5,1.0259971745534216e-4,1.643036058297357e-4,1.18323051812233e-4,1.3194729123596245e-4,1.5210273829835037e-4,2.574803400239079e-4,2.3942103160781773e-4,3.2182424379341445e-4,1.3675365962160702e-4,4.0378195753554844e-4,2.836885095709978e-4,3.981778082838257e-4,2.7208184800814805e-4,2.3220958955378813e-4,5.208355888870106e-4,2.9090786202149387e-4,1.97083860628496e-4,4.5394006297338704e-4,5.407827722051034e-4,1.0008878818250575,4.716286799844463e-4,5.673851453220657e-4,0
ISIC 86T88,2.239613529232363e-4,3.916674383068506e-4,3.7727518588353436e-4,3.9166743830685056e-4,3.8306628372171533e-4,2.8775534637183757e-4,2.691294793357781e-4,2.8574297240061664e-4,3.5512143243044396e-4,2.8229751417560865e-4,2.5048070626777406e-4,2.50480706267774e-4,2.578561362321285e-4,3.241168724337597e-4,3.241168724337597e-4,2.78738006617405e-4,2.774850579760079e-4,3.234965938211769e-4,1.495175504085478e-4,2.1772928128047968e-4,3.4391209044666295e-4,2.696375745038861e-4,2.779558064895839e-4,3.0439228746370633e-4,3.673078781473388e-4,3.379640124050816e-4,4.6754651304069017e-4,3.4966710835390485e-4,4.4909204509777036e-4,4.5480861461288024e-4,4.7136816384645686e-4,4.884997638771297e-4,3.625586367773066e-4,6.757241225688826e-4,3.6686278501486797e-4,2.226286337952874e-4,6.231410198154147e-4,0.0036429557273305554,3.200917530147823e-4,1.0107406485567891,4.612685158579226e-4,0
ISIC 90T96,0.002361816375380572,0.0025139316514805085,0.0015419565094401191,0.0025139316514805076,0.0051545994787418545,0.0035248739260014764,0.0030789715882127678,0.004311797129365588,0.005569813371748519,0.0029838791782946135,0.0033981934418458996,0.0033981934418459,0.004517699312902553,0.007894743108180453,0.007894743108180453,0.005064763446911059,0.005797235867501525,0.00504336995431922,0.0018364353193275197,0.0023277090491984577,0.0036015823431144534,0.0026822837946257005,0.0021846669849624966,0.0033299822851303182,0.003097083350422653,0.007031344665358178,0.016946983654709574,0.004482476536547679,0.008041951194157959,0.011706833506852012,0.009446331254915672,0.006927544688566522,0.013847844147559145,0.0056334266756603866,0.005703612437212838,0.0068333364374860185,0.011298882663843976,0.009004260382247331,0.007479921281422588,0.008524792700295434,1.0097211323270123,0
ISIC 97T98,0,0,0,0,0,0,0,0,0,0,0,0,0,0,0,0,0,0,0,0,0,0,0,0,0,0,0,0,0,0,0,0,0,0,0,0,0,0,0,0,0,1
