Pollutant:,VOC,Unit: grams of VOC,,,,,,,,,,,,,,,,,,,,,,,,,,,,,,,,,,
,2015.0,2016.0,2017.0,2018.0,2019.0,2020.0,2021.0,2022.0,2023.0,2024.0,2025.0,2026.0,2027.0,2028.0,2029.0,2030.0,2031.0,2032.0,2033.0,2034.0,2035.0,2036.0,2037.0,2038.0,2039.0,2040.0,2041.0,2042.0,2043.0,2044.0,2045.0,2046.0,2047.0,2048.0,2049.0,2050.0
agriculture and forestry 01T03,0.0,0.0,0.0,0.0,0.0,2158210000.0,2172990000.0,2187950000.0,2313600000.0,2362450000.0,2387280000.0,2406790000.0,2425850000.0,2442940000.0,2461760000.0,2480210000.0,2475780000.0,2477390000.0,2466900000.0,2462310000.0,2457030000.0,2455080000.0,2452240000.0,2452240000.0,2452270000.0,2452210000.0,2451290000.0,2454790000.0,2457340000.0,2460950000.0,2467470000.0,2488410000.0,2509700000.0,2531770000.0,2550670000.0,2570150000.0
coal mining 05,0.0,0.0,0.0,0.0,0.0,69887000.0,71150100.0,71933600.0,80660100.0,72094700.0,75495700.0,86451800.0,90748800.0,98558100.0,107385000.0,111043000.0,111872000.0,108792000.0,108536000.0,109458000.0,107239000.0,106831000.0,108116000.0,109058000.0,111937000.0,109549000.0,107259000.0,105030000.0,105066000.0,107408000.0,108001000.0,108739000.0,110582000.0,111501000.0,111807000.0,111344000.0
oil and gas extraction 06,0.0,0.0,0.0,0.0,0.0,69859000000.0,71122100000.0,67387900000.0,67607400000.0,73156200000.0,74419800000.0,71835900000.0,73261100000.0,75561800000.0,77190800000.0,79293000000.0,80791900000.0,82025800000.0,82605300000.0,82832100000.0,83419300000.0,83313400000.0,83507200000.0,83822500000.0,83898000000.0,85282900000.0,85598600000.0,86354600000.0,86560600000.0,86937600000.0,87572100000.0,88275600000.0,88598200000.0,88237400000.0,88640200000.0,89440800000.0
other mining and quarrying 07T08,0.0,0.0,0.0,0.0,0.0,0.0,0.0,0.0,0.0,0.0,0.0,0.0,0.0,0.0,0.0,0.0,0.0,0.0,0.0,0.0,0.0,0.0,0.0,0.0,0.0,0.0,0.0,0.0,0.0,0.0,0.0,0.0,0.0,0.0,0.0,0.0
food beverage and tobacco 10T12,0.0,0.0,0.0,0.0,0.0,0.0,0.0,0.0,0.0,0.0,0.0,0.0,0.0,0.0,0.0,0.0,0.0,0.0,0.0,0.0,0.0,0.0,0.0,0.0,0.0,0.0,0.0,0.0,0.0,0.0,0.0,0.0,0.0,0.0,0.0,0.0
textiles apparel and leather 13T15,0.0,0.0,0.0,0.0,0.0,0.0,0.0,0.0,0.0,0.0,0.0,0.0,0.0,0.0,0.0,0.0,0.0,0.0,0.0,0.0,0.0,0.0,0.0,0.0,0.0,0.0,0.0,0.0,0.0,0.0,0.0,0.0,0.0,0.0,0.0,0.0
wood products 16,0.0,0.0,0.0,0.0,0.0,0.0,0.0,0.0,0.0,0.0,0.0,0.0,0.0,0.0,0.0,0.0,0.0,0.0,0.0,0.0,0.0,0.0,0.0,0.0,0.0,0.0,0.0,0.0,0.0,0.0,0.0,0.0,0.0,0.0,0.0,0.0
pulp paper and printing 17T18,0.0,0.0,0.0,0.0,0.0,70447400.0,71462000.0,75713100.0,78457600.0,77666800.0,77601500.0,77900700.0,77838200.0,78164100.0,78696900.0,79103500.0,79891100.0,80655300.0,81114500.0,81700500.0,82266900.0,82431000.0,82744600.0,83539700.0,83585600.0,84348200.0,85415700.0,86228100.0,86841200.0,87169500.0,87449800.0,87750300.0,87737400.0,87863000.0,88105100.0,88395900.0
refined petroleum and coke 19,0.0,0.0,0.0,0.0,0.0,634169000.0,635999000.0,637953000.0,590111000.0,772128000.0,811425000.0,857375000.0,892771000.0,886946000.0,868295000.0,863369000.0,851179000.0,872906000.0,877840000.0,876365000.0,891854000.0,893361000.0,903687000.0,893761000.0,894425000.0,895998000.0,887022000.0,895129000.0,891422000.0,897322000.0,900143000.0,966257000.0,965808000.0,924633000.0,899493000.0,908608000.0
chemicals 20,0.0,0.0,0.0,0.0,0.0,246818000.0,248054000.0,235419000.0,255914000.0,277262000.0,254888000.0,239006000.0,245262000.0,252572000.0,260139000.0,267400000.0,272610000.0,277879000.0,284454000.0,289640000.0,294362000.0,300601000.0,306614000.0,311626000.0,314885000.0,319091000.0,323756000.0,332711000.0,341299000.0,347888000.0,355141000.0,358783000.0,359846000.0,361020000.0,365939000.0,372202000.0
rubber and plastic products 22,0.0,0.0,0.0,0.0,0.0,0.0,0.0,0.0,0.0,0.0,0.0,0.0,0.0,0.0,0.0,0.0,0.0,0.0,0.0,0.0,0.0,0.0,0.0,0.0,0.0,0.0,0.0,0.0,0.0,0.0,0.0,0.0,0.0,0.0,0.0,0.0
glass and glass products 231,0.0,0.0,0.0,0.0,0.0,0.0,0.0,0.0,0.0,0.0,0.0,0.0,0.0,0.0,0.0,0.0,0.0,0.0,0.0,0.0,0.0,0.0,0.0,0.0,0.0,0.0,0.0,0.0,0.0,0.0,0.0,0.0,0.0,0.0,0.0,0.0
cement and other nonmetallic minerals 239,0.0,0.0,0.0,0.0,0.0,49859500.0,52176400.0,49751500.0,51862500.0,59006900.0,53703800.0,49717000.0,47246900.0,45230600.0,44623900.0,43936400.0,43322200.0,42769500.0,35482500.0,34126400.0,32618400.0,31179900.0,30285400.0,29527200.0,28301800.0,27512900.0,26655800.0,25916200.0,25361800.0,24951700.0,24307200.0,23893800.0,23523000.0,23127900.0,22848700.0,22640700.0
iron and steel 241,0.0,0.0,0.0,0.0,0.0,35476400.0,35885200.0,42328700.0,41202700.0,39943400.0,37276400.0,33535400.0,32137500.0,32584700.0,32690100.0,32313500.0,31616700.0,30442100.0,30443000.0,30960700.0,31102800.0,31428400.0,31774500.0,32073600.0,32458700.0,32735100.0,32829500.0,33156100.0,33765000.0,34118400.0,34227100.0,34125200.0,33724100.0,33264500.0,33282200.0,33594500.0
other metals 242,0.0,0.0,0.0,0.0,0.0,2945690.0,3035540.0,3077930.0,3343380.0,3455170.0,3416760.0,3401540.0,3475830.0,3602090.0,3705700.0,3793180.0,3843320.0,3851190.0,3849150.0,3858630.0,3882200.0,3918790.0,3958350.0,3989210.0,4012050.0,4051880.0,4082200.0,4105910.0,4144770.0,4185700.0,4206190.0,4212850.0,4218220.0,4228340.0,4239030.0,4238030.0
metal products except machinery and vehicles 25,0.0,0.0,0.0,0.0,0.0,0.0,0.0,0.0,0.0,0.0,0.0,0.0,0.0,0.0,0.0,0.0,0.0,0.0,0.0,0.0,0.0,0.0,0.0,0.0,0.0,0.0,0.0,0.0,0.0,0.0,0.0,0.0,0.0,0.0,0.0,0.0
computers and electronics 26,0.0,0.0,0.0,0.0,0.0,0.0,0.0,0.0,0.0,0.0,0.0,0.0,0.0,0.0,0.0,0.0,0.0,0.0,0.0,0.0,0.0,0.0,0.0,0.0,0.0,0.0,0.0,0.0,0.0,0.0,0.0,0.0,0.0,0.0,0.0,0.0
appliances and electrical equipment 27,0.0,0.0,0.0,0.0,0.0,0.0,0.0,0.0,0.0,0.0,0.0,0.0,0.0,0.0,0.0,0.0,0.0,0.0,0.0,0.0,0.0,0.0,0.0,0.0,0.0,0.0,0.0,0.0,0.0,0.0,0.0,0.0,0.0,0.0,0.0,0.0
other machinery 28,0.0,0.0,0.0,0.0,0.0,0.0,0.0,0.0,0.0,0.0,0.0,0.0,0.0,0.0,0.0,0.0,0.0,0.0,0.0,0.0,0.0,0.0,0.0,0.0,0.0,0.0,0.0,0.0,0.0,0.0,0.0,0.0,0.0,0.0,0.0,0.0
road vehicles 29,0.0,0.0,0.0,0.0,0.0,0.0,0.0,0.0,0.0,0.0,0.0,0.0,0.0,0.0,0.0,0.0,0.0,0.0,0.0,0.0,0.0,0.0,0.0,0.0,0.0,0.0,0.0,0.0,0.0,0.0,0.0,0.0,0.0,0.0,0.0,0.0
nonroad vehicles 30,0.0,0.0,0.0,0.0,0.0,0.0,0.0,0.0,0.0,0.0,0.0,0.0,0.0,0.0,0.0,0.0,0.0,0.0,0.0,0.0,0.0,0.0,0.0,0.0,0.0,0.0,0.0,0.0,0.0,0.0,0.0,0.0,0.0,0.0,0.0,0.0
other manufacturing 31T33,0.0,0.0,0.0,0.0,0.0,71396100.0,71990600.0,78279400.0,85109800.0,83719300.0,81455200.0,80303200.0,80140200.0,80429000.0,81633600.0,83110800.0,84544100.0,86970300.0,89050100.0,91203100.0,93039200.0,94140300.0,95559100.0,97631900.0,98902500.0,100813000.0,102680000.0,104257000.0,105507000.0,106739000.0,108161000.0,110628000.0,112160000.0,113497000.0,114962000.0,116469000.0
energy pipelines and gas processing 352T353,0.0,0.0,0.0,0.0,0.0,7087790000.0,7060730000.0,8146330000.0,8907960000.0,10230000000.0,10419600000.0,10478900000.0,11165400000.0,12027800000.0,12162800000.0,12357700000.0,12214300000.0,11960600000.0,11531800000.0,11244400000.0,11127000000.0,11115800000.0,11125300000.0,10988200000.0,11038000000.0,10984700000.0,10872000000.0,10861700000.0,10923400000.0,10976400000.0,11036100000.0,11073100000.0,10999700000.0,10954000000.0,11008200000.0,11131100000.0
water and waste 36T39,0.0,0.0,0.0,0.0,0.0,0.0,0.0,0.0,0.0,0.0,0.0,0.0,0.0,0.0,0.0,0.0,0.0,0.0,0.0,0.0,0.0,0.0,0.0,0.0,0.0,0.0,0.0,0.0,0.0,0.0,0.0,0.0,0.0,0.0,0.0,0.0
construction 41T43,0.0,0.0,0.0,0.0,0.0,0.0,0.0,0.0,0.0,0.0,0.0,0.0,0.0,0.0,0.0,0.0,0.0,0.0,0.0,0.0,0.0,0.0,0.0,0.0,0.0,0.0,0.0,0.0,0.0,0.0,0.0,0.0,0.0,0.0,0.0,0.0
