Pollutant:,SOX,Unit: grams,,,,,,,,,,,,,,,,,,,,,,,,,,,,,,,,,,
,2015.0,2016.0,2017.0,2018.0,2019.0,2020.0,2021.0,2022.0,2023.0,2024.0,2025.0,2026.0,2027.0,2028.0,2029.0,2030.0,2031.0,2032.0,2033.0,2034.0,2035.0,2036.0,2037.0,2038.0,2039.0,2040.0,2041.0,2042.0,2043.0,2044.0,2045.0,2046.0,2047.0,2048.0,2049.0,2050.0
agriculture and forestry 01T03,0.0,0.0,0.0,0.0,0.0,0.0,0.0,0.0,0.0,0.0,0.0,0.0,0.0,0.0,0.0,0.0,0.0,0.0,0.0,0.0,0.0,0.0,0.0,0.0,0.0,0.0,0.0,0.0,0.0,0.0,0.0,0.0,0.0,0.0,0.0,0.0
coal mining 05,0.0,0.0,0.0,0.0,0.0,43573600.0,44361100.0,44849600.0,50290400.0,44950000.0,47070500.0,53901400.0,56580500.0,61449500.0,66953100.0,69234000.0,69750600.0,67830300.0,67670500.0,68245800.0,66861700.0,66607800.0,67408900.0,67995800.0,69790800.0,68302200.0,66874700.0,65484400.0,65506900.0,66967200.0,67336900.0,67796900.0,68946500.0,69519300.0,69709800.0,69421600.0
oil and gas extraction 06,0.0,0.0,0.0,0.0,0.0,4251320000.0,4328180000.0,4100930000.0,4114290000.0,4451970000.0,4528870000.0,4371620000.0,4458350000.0,4598370000.0,4697500000.0,4825430000.0,4916650000.0,4991730000.0,5027000000.0,5040800000.0,5076540000.0,5070100000.0,5081890000.0,5101080000.0,5105670000.0,5189950000.0,5209160000.0,5255170000.0,5267700000.0,5290650000.0,5329260000.0,5372070000.0,5391700000.0,5369750000.0,5394260000.0,5442980000.0
other mining and quarrying 07T08,0.0,0.0,0.0,0.0,0.0,0.0,0.0,0.0,0.0,0.0,0.0,0.0,0.0,0.0,0.0,0.0,0.0,0.0,0.0,0.0,0.0,0.0,0.0,0.0,0.0,0.0,0.0,0.0,0.0,0.0,0.0,0.0,0.0,0.0,0.0,0.0
food beverage and tobacco 10T12,0.0,0.0,0.0,0.0,0.0,0.0,0.0,0.0,0.0,0.0,0.0,0.0,0.0,0.0,0.0,0.0,0.0,0.0,0.0,0.0,0.0,0.0,0.0,0.0,0.0,0.0,0.0,0.0,0.0,0.0,0.0,0.0,0.0,0.0,0.0,0.0
textiles apparel and leather 13T15,0.0,0.0,0.0,0.0,0.0,0.0,0.0,0.0,0.0,0.0,0.0,0.0,0.0,0.0,0.0,0.0,0.0,0.0,0.0,0.0,0.0,0.0,0.0,0.0,0.0,0.0,0.0,0.0,0.0,0.0,0.0,0.0,0.0,0.0,0.0,0.0
wood products 16,0.0,0.0,0.0,0.0,0.0,0.0,0.0,0.0,0.0,0.0,0.0,0.0,0.0,0.0,0.0,0.0,0.0,0.0,0.0,0.0,0.0,0.0,0.0,0.0,0.0,0.0,0.0,0.0,0.0,0.0,0.0,0.0,0.0,0.0,0.0,0.0
pulp paper and printing 17T18,0.0,0.0,0.0,0.0,0.0,10962000.0,11119900.0,11781400.0,12208400.0,12085400.0,12075200.0,12121800.0,12112000.0,12162800.0,12245700.0,12308900.0,12431500.0,12550400.0,12621800.0,12713000.0,12801200.0,12826700.0,12875500.0,12999200.0,13006400.0,13125000.0,13291100.0,13417500.0,13513000.0,13564000.0,13607700.0,13654400.0,13652400.0,13672000.0,13709600.0,13754900.0
refined petroleum and coke 19,0.0,0.0,0.0,0.0,0.0,179927000.0,180447000.0,181001000.0,167427000.0,219069000.0,230219000.0,243256000.0,253298000.0,251646000.0,246354000.0,244956000.0,241498000.0,247662000.0,249062000.0,248644000.0,253038000.0,253466000.0,256396000.0,253579000.0,253768000.0,254214000.0,251667000.0,253967000.0,252916000.0,254590000.0,255390000.0,274148000.0,274021000.0,262338000.0,255206000.0,257792000.0
chemicals 20,0.0,0.0,0.0,0.0,0.0,41647600.0,41642800.0,39515300.0,42956300.0,46556300.0,42783100.0,40106500.0,41163900.0,42398500.0,43675100.0,44898900.0,45776900.0,46664200.0,47774200.0,48650300.0,49447100.0,50500700.0,51515700.0,52361400.0,52912300.0,53621900.0,54408100.0,55917400.0,57366600.0,58478400.0,59702800.0,60316500.0,60497400.0,60696000.0,61525100.0,62581200.0
rubber and plastic products 22,0.0,0.0,0.0,0.0,0.0,0.0,0.0,0.0,0.0,0.0,0.0,0.0,0.0,0.0,0.0,0.0,0.0,0.0,0.0,0.0,0.0,0.0,0.0,0.0,0.0,0.0,0.0,0.0,0.0,0.0,0.0,0.0,0.0,0.0,0.0,0.0
glass and glass products 231,0.0,0.0,0.0,0.0,0.0,0.0,0.0,0.0,0.0,0.0,0.0,0.0,0.0,0.0,0.0,0.0,0.0,0.0,0.0,0.0,0.0,0.0,0.0,0.0,0.0,0.0,0.0,0.0,0.0,0.0,0.0,0.0,0.0,0.0,0.0,0.0
cement and other nonmetallic minerals 239,0.0,0.0,0.0,0.0,0.0,253298000.0,265068000.0,252749000.0,263474000.0,299769000.0,272828000.0,252574000.0,240025000.0,229782000.0,226700000.0,223207000.0,220087000.0,217279000.0,180259000.0,173370000.0,165709000.0,158401000.0,153857000.0,150005000.0,143780000.0,139772000.0,135418000.0,131661000.0,128844000.0,126761000.0,123486000.0,121386000.0,119502000.0,117495000.0,116077000.0,115020000.0
iron and steel 241,0.0,0.0,0.0,0.0,0.0,69437000.0,70237200.0,82848900.0,80644900.0,78180100.0,72960200.0,65637900.0,62901800.0,63777200.0,63983500.0,63246400.0,61882500.0,59583500.0,59585200.0,60598500.0,60876700.0,61514100.0,62191500.0,62776700.0,63530500.0,64071600.0,64256400.0,64895500.0,66087400.0,66779100.0,66991900.0,66792300.0,66007300.0,65107800.0,65142300.0,65753600.0
other metals 242,0.0,0.0,0.0,0.0,0.0,6634520.0,6836890.0,6932380.0,7530240.0,7782010.0,7695510.0,7661230.0,7828550.0,8112930.0,8346280.0,8543310.0,8656240.0,8673960.0,8669370.0,8690730.0,8743820.0,8826230.0,8915330.0,8984840.0,9036280.0,9125980.0,9194280.0,9247670.0,9335190.0,9427380.0,9473530.0,9488530.0,9500610.0,9523420.0,9547500.0,9545240.0
metal products except machinery and vehicles 25,0.0,0.0,0.0,0.0,0.0,0.0,0.0,0.0,0.0,0.0,0.0,0.0,0.0,0.0,0.0,0.0,0.0,0.0,0.0,0.0,0.0,0.0,0.0,0.0,0.0,0.0,0.0,0.0,0.0,0.0,0.0,0.0,0.0,0.0,0.0,0.0
computers and electronics 26,0.0,0.0,0.0,0.0,0.0,0.0,0.0,0.0,0.0,0.0,0.0,0.0,0.0,0.0,0.0,0.0,0.0,0.0,0.0,0.0,0.0,0.0,0.0,0.0,0.0,0.0,0.0,0.0,0.0,0.0,0.0,0.0,0.0,0.0,0.0,0.0
appliances and electrical equipment 27,0.0,0.0,0.0,0.0,0.0,0.0,0.0,0.0,0.0,0.0,0.0,0.0,0.0,0.0,0.0,0.0,0.0,0.0,0.0,0.0,0.0,0.0,0.0,0.0,0.0,0.0,0.0,0.0,0.0,0.0,0.0,0.0,0.0,0.0,0.0,0.0
other machinery 28,0.0,0.0,0.0,0.0,0.0,0.0,0.0,0.0,0.0,0.0,0.0,0.0,0.0,0.0,0.0,0.0,0.0,0.0,0.0,0.0,0.0,0.0,0.0,0.0,0.0,0.0,0.0,0.0,0.0,0.0,0.0,0.0,0.0,0.0,0.0,0.0
road vehicles 29,0.0,0.0,0.0,0.0,0.0,0.0,0.0,0.0,0.0,0.0,0.0,0.0,0.0,0.0,0.0,0.0,0.0,0.0,0.0,0.0,0.0,0.0,0.0,0.0,0.0,0.0,0.0,0.0,0.0,0.0,0.0,0.0,0.0,0.0,0.0,0.0
nonroad vehicles 30,0.0,0.0,0.0,0.0,0.0,0.0,0.0,0.0,0.0,0.0,0.0,0.0,0.0,0.0,0.0,0.0,0.0,0.0,0.0,0.0,0.0,0.0,0.0,0.0,0.0,0.0,0.0,0.0,0.0,0.0,0.0,0.0,0.0,0.0,0.0,0.0
other manufacturing 31T33,0.0,0.0,0.0,0.0,0.0,41395200.0,41739900.0,45386200.0,49346400.0,48540200.0,47227500.0,46559600.0,46465000.0,46632500.0,47330900.0,48187400.0,49018400.0,50425100.0,51631000.0,52879300.0,53943800.0,54582200.0,55404800.0,56606700.0,57343400.0,58451300.0,59533400.0,60447700.0,61172500.0,61886700.0,62711400.0,64141600.0,65030000.0,65805000.0,66654300.0,67528100.0
energy pipelines and gas processing 352T353,0.0,0.0,0.0,0.0,0.0,24381800.0,24288700.0,28023100.0,30643100.0,35190900.0,35843100.0,36047200.0,38408600.0,41375200.0,41839500.0,42510000.0,42016900.0,41144000.0,39669000.0,38680200.0,38276400.0,38238000.0,38270500.0,37799000.0,37970300.0,37786900.0,37399200.0,37363900.0,37576200.0,37758600.0,37963700.0,38091200.0,37838500.0,37681300.0,37867900.0,38290500.0
water and waste 36T39,0.0,0.0,0.0,0.0,0.0,0.0,0.0,0.0,0.0,0.0,0.0,0.0,0.0,0.0,0.0,0.0,0.0,0.0,0.0,0.0,0.0,0.0,0.0,0.0,0.0,0.0,0.0,0.0,0.0,0.0,0.0,0.0,0.0,0.0,0.0,0.0
construction 41T43,0.0,0.0,0.0,0.0,0.0,0.0,0.0,0.0,0.0,0.0,0.0,0.0,0.0,0.0,0.0,0.0,0.0,0.0,0.0,0.0,0.0,0.0,0.0,0.0,0.0,0.0,0.0,0.0,0.0,0.0,0.0,0.0,0.0,0.0,0.0,0.0
