Unit: BTU,2024.0,2025.0,2026.0,2027.0,2028.0,2029.0,2030.0,2031.0,2032.0,2033.0,2034.0,2035.0,2036.0,2037.0,2038.0,2039.0,2040.0,2041.0,2042.0,2043.0,2044.0,2045.0,2046.0,2047.0,2048.0,2049.0,2050.0
agriculture and forestry 01T03,1119430000000.0,950533000000.0,950533000000.0,1427320000000.0,1446960000000.0,1466370000000.0,1471420000000.0,1485880000000.0,1616740000000.0,1593510000000.0,1609380000000.0,1627010000000.0,1643390000000.0,1706190000000.0,1768820000000.0,1820550000000.0,1860200000000.0,1873030000000.0,1887660000000.0,1901550000000.0,1916900000000.0,1934260000000.0,1952560000000.0,1970900000000.0,1989410000000.0,2007670000000.0,2026070000000.0
coal mining 05,0.0,0.0,0.0,0.0,0.0,0.0,0.0,0.0,0.0,0.0,0.0,0.0,0.0,0.0,0.0,0.0,0.0,0.0,0.0,0.0,0.0,0.0,0.0,0.0,0.0,0.0,0.0
oil and gas extraction 06,0.0,0.0,0.0,0.0,0.0,0.0,0.0,0.0,0.0,0.0,0.0,0.0,0.0,0.0,0.0,0.0,0.0,0.0,0.0,0.0,0.0,0.0,0.0,0.0,0.0,0.0,0.0
other mining and quarrying 07T08,0.0,0.0,0.0,0.0,0.0,0.0,0.0,0.0,0.0,0.0,0.0,0.0,0.0,0.0,0.0,0.0,0.0,0.0,0.0,0.0,0.0,0.0,0.0,0.0,0.0,0.0,0.0
food beverage and tobacco 10T12,25833400000.0,25796100000.0,25796100000.0,37924500000.0,28974100000.0,23822300000.0,23636100000.0,19316100000.0,18434700000.0,16460900000.0,15629100000.0,14375300000.0,13717400000.0,13295300000.0,12625000000.0,12178100000.0,11333900000.0,10353200000.0,9546310000.0,8826300000.0,7944910000.0,7162840000.0,6790420000.0,6393170000.0,5971100000.0,5611100000.0,5288330000.0
textiles apparel and leather 13T15,0.0,0.0,0.0,0.0,0.0,0.0,0.0,0.0,0.0,0.0,0.0,0.0,0.0,0.0,0.0,0.0,0.0,0.0,0.0,0.0,0.0,0.0,0.0,0.0,0.0,0.0,0.0
wood products 16,9696520000.0,11081700000.0,11081700000.0,27704300000.0,22163500000.0,18007800000.0,19393000000.0,18007800000.0,18007800000.0,16622600000.0,15237400000.0,12466900000.0,11081700000.0,11081700000.0,9696520000.0,8311300000.0,6926080000.0,8311300000.0,6926080000.0,6926080000.0,6926080000.0,6926080000.0,6926080000.0,6926080000.0,5540870000.0,5540870000.0,5540870000.0
pulp paper and printing 17T18,0.0,0.0,0.0,0.0,0.0,0.0,0.0,0.0,0.0,0.0,0.0,0.0,0.0,0.0,0.0,0.0,0.0,0.0,0.0,0.0,0.0,0.0,0.0,0.0,0.0,0.0,0.0
refined petroleum and coke 19,35688400000.0,35688400000.0,35688400000.0,35688400000.0,35688400000.0,35688400000.0,35688400000.0,35688400000.0,35688400000.0,35688400000.0,35688400000.0,35688400000.0,35688400000.0,35688400000.0,35688400000.0,35688400000.0,35688400000.0,35688400000.0,35688400000.0,35688400000.0,35688400000.0,35688400000.0,35688400000.0,35688400000.0,35688400000.0,35688400000.0,35688400000.0
chemicals 20,1468860000000.0,1457300000000.0,1457300000000.0,1474100000000.0,1507980000000.0,1479870000000.0,1476710000000.0,1487890000000.0,1494240000000.0,1507790000000.0,1522690000000.0,1539690000000.0,1561000000000.0,1576750000000.0,1593040000000.0,1621010000000.0,1645940000000.0,1674330000000.0,1707180000000.0,1737300000000.0,1767840000000.0,1801030000000.0,1834330000000.0,1871230000000.0,1904010000000.0,1927160000000.0,1959220000000.0
rubber and plastic products 22,7402450000.0,7402450000.0,7402450000.0,11720600000.0,9253070000.0,8019320000.0,9253070000.0,8019320000.0,8019320000.0,7402450000.0,7402450000.0,6785580000.0,6785580000.0,6785580000.0,6168710000.0,6168710000.0,5551840000.0,5551840000.0,4934970000.0,4934970000.0,4318100000.0,4318100000.0,4318100000.0,3701230000.0,3701230000.0,3701230000.0,3701230000.0
glass and glass products 231,0.0,0.0,0.0,0.0,0.0,0.0,0.0,0.0,0.0,0.0,0.0,0.0,0.0,0.0,0.0,0.0,0.0,0.0,0.0,0.0,0.0,0.0,0.0,0.0,0.0,0.0,0.0
cement and other nonmetallic minerals 239,0.0,0.0,0.0,0.0,0.0,0.0,0.0,0.0,0.0,0.0,0.0,0.0,0.0,0.0,0.0,0.0,0.0,0.0,0.0,0.0,0.0,0.0,0.0,0.0,0.0,0.0,0.0
iron and steel 241,0.0,0.0,0.0,0.0,0.0,0.0,0.0,0.0,0.0,0.0,0.0,0.0,0.0,0.0,0.0,0.0,0.0,0.0,0.0,0.0,0.0,0.0,0.0,0.0,0.0,0.0,0.0
other metals 242,12867000000.0,13539500000.0,13539500000.0,20565900000.0,16105800000.0,13663400000.0,14247400000.0,12035100000.0,11822700000.0,10831600000.0,10583800000.0,10070600000.0,9893570000.0,9858170000.0,9628090000.0,9504200000.0,9114830000.0,8636960000.0,8123700000.0,7698930000.0,7132570000.0,6619310000.0,6495420000.0,6336130000.0,6141450000.0,5982160000.0,5858270000.0
metal products except machinery and vehicles 25,2735790000.0,2735790000.0,2735790000.0,4377260000.0,3465330000.0,3100560000.0,3465330000.0,2918170000.0,2918170000.0,2553400000.0,2553400000.0,2371020000.0,2371020000.0,2371020000.0,2188630000.0,2188630000.0,2006250000.0,2006250000.0,1823860000.0,1641470000.0,1641470000.0,1459090000.0,1459090000.0,1459090000.0,1459090000.0,1276700000.0,1276700000.0
computers and electronics 26,0.0,0.0,0.0,0.0,0.0,0.0,0.0,0.0,0.0,0.0,0.0,0.0,0.0,0.0,0.0,0.0,0.0,0.0,0.0,0.0,0.0,0.0,0.0,0.0,0.0,0.0,0.0
appliances and electrical equipment 27,0.0,0.0,0.0,0.0,0.0,0.0,0.0,0.0,0.0,0.0,0.0,0.0,0.0,0.0,0.0,0.0,0.0,0.0,0.0,0.0,0.0,0.0,0.0,0.0,0.0,0.0,0.0
other machinery 28,10140300000.0,10140300000.0,10140300000.0,15210400000.0,12675400000.0,10985300000.0,12675400000.0,10140300000.0,10985300000.0,9295260000.0,9295260000.0,8450240000.0,8450240000.0,8450240000.0,7605220000.0,7605220000.0,6760190000.0,6760190000.0,5915170000.0,5915170000.0,5070140000.0,5070140000.0,5070140000.0,4225120000.0,4225120000.0,4225120000.0,4225120000.0
road vehicles 29,0.0,0.0,0.0,0.0,0.0,0.0,0.0,0.0,0.0,0.0,0.0,0.0,0.0,0.0,0.0,0.0,0.0,0.0,0.0,0.0,0.0,0.0,0.0,0.0,0.0,0.0,0.0
nonroad vehicles 30,0.0,0.0,0.0,0.0,0.0,0.0,0.0,0.0,0.0,0.0,0.0,0.0,0.0,0.0,0.0,0.0,0.0,0.0,0.0,0.0,0.0,0.0,0.0,0.0,0.0,0.0,0.0
other manufacturing 31T33,1312090000.0,1330180000.0,1330180000.0,2031450000.0,1571740000.0,1319540000.0,1384450000.0,1166300000.0,1140760000.0,1033290000.0,997104000.0,936448000.0,913037000.0,906652000.0,880048000.0,859830000.0,823649000.0,777890000.0,726811000.0,684246000.0,631038000.0,582088000.0,569318000.0,553356000.0,531009000.0,516111000.0,500148000.0
energy pipelines and gas processing 352T353,0.0,0.0,0.0,0.0,0.0,0.0,0.0,0.0,0.0,0.0,0.0,0.0,0.0,0.0,0.0,0.0,0.0,0.0,0.0,0.0,0.0,0.0,0.0,0.0,0.0,0.0,0.0
water and waste 36T39,0.0,0.0,0.0,0.0,0.0,0.0,0.0,0.0,0.0,0.0,0.0,0.0,0.0,0.0,0.0,0.0,0.0,0.0,0.0,0.0,0.0,0.0,0.0,0.0,0.0,0.0,0.0
construction 41T43,215040000000.0,187753000000.0,187753000000.0,274292000000.0,273632000000.0,275253000000.0,276828000000.0,277644000000.0,278346000000.0,278461000000.0,277717000000.0,277557000000.0,276885000000.0,275631000000.0,273816000000.0,271539000000.0,268469000000.0,265021000000.0,262535000000.0,259823000000.0,257463000000.0,256124000000.0,254763000000.0,253077000000.0,251304000000.0,249736000000.0,248443000000.0
