,PLANAbPiaSY,,,EIAE- BIE,,,EIAE- BEE,,DRC-PADRC,DRC-BDRC,,BCRbq - 2024-2050,,,,,,,SYC,,,,,,,,,,,,,,,,BRPSDbS,,,,BESP,,,Charger plugs/ 100k ,,BFPIaE-exports,,,,,,,,BFPIaE-production,,,,,,,,Exports Percentage,,,,,,,,BCEU,,,,,,,,,,,,,,,,,,Does this state follow:,,,RACP,
,afforestation and reforestation,land per year,imports 2008,imports  2021,delta imports (%),exports 2008,exports 2021,delta exports (%),Potential Additional DR Capacity (MW) 2050,2021 Demand Response (MW),2050  Demand Response (MW),hard coal retiring,natural gas nonpeaker retiring,nuclear retiring,biomass retiring,petroleum retiring,natural gas peaker retiring,lignite retiring,hard coal SYC,natural gas nonpeaker SYC,nuclear SYC,hydro SYC,onshore wind SYC,solar PV SYC,solar thermal SYC,biomass SYC,geothermal SYC,petroleum SYC,natural gas peaker SYC,lignite SYC,offshore wind SYC,crude oil SYC,heavy or residual fuel oil SYC,municipal solid waste SYC,2021.0,2030.0,2050.0,100% plan?,LDV (2024),HDV (2024),Chargers (Plugs total),State Population,Plug/100k,crude oil,hard coal,heavy fuel oil,jet fuel or kerosene,LPG propane or butane,natural gas,petroleum diesel,petroleum gasoline,crude oil,hard coal,heavy fuel oil,jet fuel or kerosene,LPG propane or butane,natural gas,petroleum diesel,petroleum gasoline,crude oil,hard coal,heavy fuel oil,jet fuel or kerosene,LPG propane or butane,natural gas,petroleum diesel,petroleum gasoline,2021 commercial heating,2050 commercial heating,2021 commercial appliances,2050 commercial appliances,2021 commercial oth,2050 commercial oth,2021 urban heating,2050 urban heating,2021 urban appliances,2050 uban appliances,2021 urban oth,2050 urban oth,2021 rural heating,2050 rural heating,2021 rural appliances,2050 rural appliances,2021 rural oth,2050 rural oth,ACC I,ACC II,ACT,Has RPS? ,ACP $/MWh
North Dakota,28457.0,28.0,1413660.0,2982530.0,111.0,20571200.0,21752700.0,6.0,3434.0,1250.0,1643.0,0.0,0.0,0.0,0.0,0.0,0.0,0.0,3396.0,0.0,0.0,510.0,3528.0,0.0,0.0,0.0,0.0,60.0,581.0,533.0,0.0,0.0,0.0,0.0,5.0,5.0,5.0,0.0,0.0,0.0,134.0,788940.0,16.98,2970410000000000.0,0.0,0.0,0.0,47844600000000.0,554084000000000.0,0.0,0.0,3147770000000000.0,0.0,2329630000000.0,13092100000000.0,52905200000000.0,759449000000000.0,55178400000000.0,109404000000000.0,94.37,0.0,0.0,0.0,90.43,72.96,0.0,0.0,7.0,7.0,62.0,59.0,71.0,80.0,16.0,21.0,59.0,58.0,100.0,100.0,16.0,21.0,59.0,58.0,100.0,100.0,0.0,0.0,0.0,FALSE,0.0
Alaska,0.0,0.0,0.0,0.0,0.0,0.0,0.0,0.0,420.625,153.069,201.186,0.0,0.0,0.0,0.0,0.0,0.0,0.0,47.8,477.2,0.0,425.4,61.0,0.0,0.0,0.0,0.0,694.7,785.2,75.0,0.0,0.0,0.0,0.0,0.256056,0.256056,0.256056,0.0,0.0,0.0,81.0,733536.0,11.0424,0.0,0.0,16662000000000.0,65669300000000.0,0.0,0.0,0.0,123581000000000.0,985029000000000.0,19171600000000.0,15471700000000.0,56020400000000.0,12633700000000.0,324782000000000.0,73371700000000.0,173350000000000.0,0.0,0.0,107.693,117.224,0.0,0.0,0.0,71.2899,0.0685241,0.0621007,0.284677,0.2556,0.273667,0.374691,0.0595038,0.100541,0.279236,0.262326,1.0,1.0,0.0595038,0.100541,0.279236,0.262326,1.0,1.0,0.0,0.0,0.0,FALSE,0.0
Alabama,121652.0,121.652,0.0,0.0,0.0,44550300.0,47230700.0,0.0601671,5932.92,2159.04,2837.74,0.0,1550.0,0.0,0.0,0.0,50.0,0.0,5284.3,9663.5,5525.4,3291.8,0.0,194.1,0.0,6.4,0.0,42.6,4334.3,0.0,0.0,0.0,0.0,0.0,0.403251,0.403251,0.403251,0.0,0.0,0.0,480.0,5143030.0,9.33301,27155600000000.0,5059940000000.0,0.0,0.0,76619200000000.0,0.0,0.0,0.0,28777100000000.0,290931000000000.0,5488070000000.0,29520200000000.0,88177500000000.0,139449000000000.0,94233100000000.0,65296800000000.0,94.3656,1.73923,0.0,0.0,86.892,0.0,0.0,0.0,0.0857894,0.112296,0.595953,0.577546,0.668761,0.774546,0.306803,0.41148,0.685018,0.679747,1.0,1.0,0.306797,0.410873,0.685012,0.679195,1.0,1.0,0.0,0.0,0.0,FALSE,0.0
Arkansas,68319.0,68.319,0.0,0.0,0.0,3387480.0,8613910.0,1.54286,5016.79,1825.66,2399.55,2150.0,500.0,0.0,0.0,0.0,0.0,0.0,5163.4,4609.8,1817.8,1265.8,0.0,102.2,0.0,16.8,0.0,9.0,1493.6,0.0,0.0,0.0,0.0,0.0,0.287796,0.287796,0.287796,0.0,0.0,0.0,412.0,3089060.0,13.3374,27155600000000.0,0.0,0.0,0.0,44661900000000.0,162909000000000.0,0.0,0.0,28777100000000.0,0.0,3380360000000.0,18182900000000.0,54312700000000.0,576325000000000.0,58042600000000.0,40219400000000.0,94.3656,0.0,0.0,0.0,82.231,28.2668,0.0,0.0,0.0346571,0.0439058,0.263749,0.251,0.489709,0.624151,0.237372,0.35823,0.497246,0.510318,1.0,1.0,0.237363,0.357545,0.497234,0.509544,1.0,1.0,0.0,0.0,0.0,FALSE,0.0
Arizona,106990.0,106.99,87916.0,0.0,-1.0,36968900.0,22825100.0,-0.382587,4244.45,1544.59,2030.13,1900.0,0.0,0.0,0.0,0.0,0.0,0.0,3329.0,9886.1,3937.0,2720.9,267.3,1860.5,295.6,30.7,0.0,89.0,4079.6,0.0,0.0,0.0,0.0,0.0,0.456235,0.496235,0.496235,0.0,0.0,0.0,1952.0,7497000.0,26.0371,0.0,0.0,0.0,0.0,0.0,0.0,0.0,0.0,0.0,79148200000000.0,0.0,0.0,0.0,72528600000.0,0.0,0.0,0.0,0.0,0.0,0.0,0.0,0.0,0.0,0.0,0.0557025,0.069434,0.507131,0.482242,0.674347,0.770555,0.293094,0.404479,0.565515,0.565268,1.0,1.0,0.292556,0.4033,0.564877,0.563961,1.0,1.0,0.0,0.0,0.0,FALSE,0.0
California,226073.0,226.073,94891500.0,80377600.0,-0.152952,674638.0,1233980.0,0.829099,18070.6,6576.08,8643.26,0.0,3950.0,2000.0,30.0,0.0,100.0,0.0,0.0,18862.7,2240.0,10216.4,6135.9,11262.7,1284.0,822.7,1836.2,291.3,15301.1,0.0,0.0,0.0,0.0,47.9,0.314441,0.527733,0.879554,1.0,2500.0,0.0,34185.0,38889800.0,87.9023,923292000000000.0,0.0,187227000000000.0,743523000000000.0,234217000000000.0,0.0,738063000000000.0,1789080000000000.0,978420000000000.0,0.0,182393000000000.0,660412000000000.0,148935000000000.0,206667000000000.0,864962000000000.0,2043580000000000.0,94.3656,0.0,102.651,112.585,157.261,0.0,85.329,87.5462,0.0947145,0.10006,0.391908,0.37081,0.570728,0.685118,0.133968,0.222729,0.307578,0.325345,1.0,1.0,0.131658,0.216909,0.303322,0.317316,1.0,1.0,1.0,1.0,1.0,FALSE,0.0
Colorado,219495.0,219.495,2807330.0,2791380.0,-0.00567871,3200.0,0.0,-1.0,2693.17,980.071,1288.15,3300.0,300.0,0.0,0.0,0.0,150.0,0.0,4337.0,3218.5,0.0,680.3,3750.3,591.0,0.0,28.7,0.0,164.0,3171.8,0.0,0.0,0.0,0.0,0.0,0.272718,0.359345,0.551847,1.0,2400.0,4000.0,3355.0,5914180.0,56.7281,1086230000000000.0,95209900000000.0,0.0,0.0,142219000000000.0,1252780000000000.0,0.0,0.0,1151080000000000.0,265058000000000.0,4538320000000.0,11064700000000.0,151829000000000.0,2028130000000000.0,71994400000000.0,91827900000000.0,94.3656,35.9203,0.0,0.0,93.6709,61.7702,0.0,0.0,0.0474998,0.0527284,0.429615,0.407573,0.635515,0.740974,0.0917773,0.128165,0.339227,0.348329,1.0,1.0,0.0917316,0.127956,0.339104,0.347909,1.0,1.0,1.0,0.82,1.0,FALSE,0.0
Connecticut,3467.33,3.46733,3587300.0,73555.0,-0.979496,171332.0,13975000.0,80.5667,1855.06,675.075,887.283,0.0,0.0,0.0,0.0,0.0,50.0,0.0,383.4,3918.4,2073.1,119.4,1.0,132.3,0.0,39.9,0.0,1051.6,1287.7,0.0,0.0,0.0,0.0,160.0,0.706409,0.881409,0.691409,0.0,2250.0,0.0,1216.0,3625650.0,33.5389,0.0,0.0,0.0,0.0,0.0,0.0,0.0,0.0,0.0,0.0,0.0,0.0,0.0,0.0,0.0,0.0,0.0,0.0,0.0,0.0,0.0,0.0,0.0,0.0,0.0186063,0.0184493,0.446212,0.403963,0.504728,0.627947,0.0638855,0.125172,0.423397,0.426469,1.0,1.0,0.0635091,0.12403,0.421857,0.422717,1.0,1.0,1.0,0.0,0.0,TRUE,55.15
DC,0.0,0.0,,,,,,,,,,,,,,,,,0.0,0.0,0.0,0.0,0.0,6.9,0.0,0.0,0.0,0.0,0.0,0.0,0.0,0.0,0.0,0.0,0.0,0.0,0.0,,,,671.0,686995.0,97.6717,0.0,0.0,0.0,0.0,0.0,0.0,0.0,0.0,0.0,0.0,0.0,0.0,0.0,0.0,0.0,0.0,0.0,0.0,0.0,0.0,0.0,0.0,0.0,0.0,,,,,,,,,,,,,,,,,,,0.0,0.82,0.0,TRUE,-
Delaware,3008.48,3.00848,5877140.0,8705710.0,0.481283,0.0,0.0,0.0,932.687,339.413,446.107,400.0,0.0,0.0,3.0,0.0,0.0,0.0,410.0,1504.0,0.0,0.0,0.0,36.2,0.0,10.0,0.0,158.5,955.1,0.0,0.0,0.0,0.0,0.0,0.21,0.25,0.25,0.0,2500.0,0.0,271.0,1044320.0,25.9499,0.0,0.0,25133400000000.0,15319600000000.0,183018000000000.0,0.0,45438100000000.0,750892000000000.0,0.0,0.0,11994600000000.0,32343600000000.0,184631000000000.0,0.0,92424000000000.0,943745000000000.0,0.0,0.0,209.539,47.3651,99.1263,0.0,49.1627,79.5651,0.0449246,0.0502968,0.346031,0.313054,0.529407,0.649679,0.196729,0.277941,0.577802,0.577207,1.0,1.0,0.196528,0.27691,0.577492,0.576084,1.0,1.0,0.0,1.0,0.0,TRUE,25.0
Florida,99253.5,99.2535,28820800.0,13186700.0,-0.542458,0.0,0.0,0.0,9413.5,3425.66,4502.51,2100.0,0.0,0.0,21.0,0.0,500.0,0.0,7782.0,31717.2,3626.0,43.5,0.0,2134.6,0.0,291.8,0.0,3296.6,10128.2,0.0,0.0,0.0,0.0,482.2,0.127695,0.127695,0.127695,0.0,0.0,0.0,5644.0,22975900.0,24.5648,10444500000000.0,0.0,0.0,0.0,0.0,0.0,0.0,0.0,11068100000000.0,0.0,0.0,0.0,0.0,512096000000.0,0.0,0.0,94.3656,0.0,0.0,0.0,0.0,0.0,0.0,0.0,0.0476558,0.0503527,0.627845,0.595166,0.675868,0.771216,0.664706,0.768873,0.889802,0.892655,1.0,1.0,0.664816,0.769731,0.88985,0.893112,1.0,1.0,0.0,0.0,0.0,FALSE,0.0
Georgia,122036.0,122.036,14025600.0,25641900.0,0.828225,0.0,0.0,0.0,5597.12,2036.84,2677.12,2650.0,0.0,0.0,0.0,0.0,0.0,0.0,8416.0,8009.5,4061.0,2025.9,0.0,1510.2,0.0,288.7,0.0,852.2,8439.3,0.0,0.0,0.0,0.0,0.0,0.302841,0.302841,0.302841,0.0,0.0,0.0,3754.0,11145300.0,33.6823,0.0,0.0,0.0,0.0,0.0,0.0,0.0,0.0,0.0,0.0,0.0,0.0,0.0,0.0,0.0,0.0,0.0,0.0,0.0,0.0,0.0,0.0,0.0,0.0,0.0846437,0.0891271,0.582018,0.545217,0.689072,0.78281,0.219727,0.282624,0.540774,0.528216,1.0,1.0,0.219715,0.282217,0.540756,0.527762,1.0,1.0,0.0,0.0,0.0,FALSE,0.0
Hawaii,0.0,0.0,0.0,0.0,0.0,0.0,0.0,0.0,450.279,163.861,215.37,0.0,0.0,0.0,0.0,0.0,0.0,0.0,180.0,0.0,0.0,13.9,205.6,267.7,0.0,67.9,43.0,1957.5,0.0,0.0,0.0,0.0,0.0,0.0,0.322521,0.412521,1.0,1.0,0.0,0.0,751.0,1430880.0,52.4853,0.0,0.0,14053300000000.0,55440600000000.0,0.0,0.0,0.0,97878200000000.0,0.0,0.0,13174800000000.0,47703700000000.0,10758100000000.0,0.0,62479000000000.0,147615000000000.0,0.0,0.0,106.668,116.219,0.0,0.0,0.0,66.3066,0.000299997,0.000409062,0.56046,0.527695,0.505989,0.619349,0.627825,0.745312,0.727888,0.725188,1.0,1.0,0.627825,0.745312,0.727888,0.725188,1.0,1.0,0.0,0.0,0.0,FALSE,0.0
Iowa,64827.4,64.8274,0.0,24480.0,0.0,2933110.0,9314890.0,2.17578,7193.64,2617.83,3440.75,50.0,0.0,0.0,0.0,0.0,50.0,0.0,4849.7,1781.0,601.4,146.4,9783.0,13.4,0.0,16.2,0.0,779.6,1683.7,0.0,0.0,0.0,0.0,0.0,0.014583,0.014583,0.014583,0.0,0.0,0.0,523.0,3214320.0,16.271,0.0,0.0,0.0,0.0,0.0,0.0,0.0,0.0,0.0,0.0,0.0,0.0,0.0,0.0,0.0,0.0,0.0,0.0,0.0,0.0,0.0,0.0,0.0,0.0,0.0343732,0.0380525,0.398241,0.378433,0.553061,0.67777,0.0990861,0.136848,0.399646,0.397793,1.0,1.0,0.0990733,0.136646,0.399611,0.397316,1.0,1.0,0.0,0.0,0.0,FALSE,0.0
Idaho,199706.0,199.706,14467200.0,10428300.0,-0.279177,88678.0,0.0,-1.0,1449.64,527.537,693.367,0.0,0.0,0.0,0.0,0.0,0.0,0.0,0.0,547.7,0.0,2764.2,970.4,240.0,0.0,26.4,10.0,5.4,547.4,0.0,0.0,0.0,0.0,0.0,0.474875,0.474875,0.474875,0.0,0.0,0.0,260.0,1990460.0,13.0623,0.0,0.0,0.0,0.0,0.0,0.0,0.0,0.0,0.0,0.0,0.0,0.0,0.0,1083530000000.0,0.0,0.0,0.0,0.0,0.0,0.0,0.0,0.0,0.0,0.0,0.039382,0.0426265,0.413123,0.386385,0.627337,0.731397,0.118098,0.149902,0.494453,0.502424,1.0,1.0,0.118002,0.149126,0.49422,0.500921,1.0,1.0,0.0,0.0,0.0,FALSE,0.0
Illinois,68672.6,68.6726,52802.0,0.0,-1.0,40457200.0,34602300.0,-0.144719,9458.53,3442.05,4524.05,6400.0,3550.0,0.0,0.0,0.0,10700.0,0.0,10173.5,3574.0,11582.4,32.9,5229.3,41.8,0.0,88.2,0.0,658.9,11891.5,0.0,0.0,0.0,0.0,0.0,0.709708,0.934708,1.0,1.0,0.0,0.0,2251.0,12516900.0,17.9837,48044600000000.0,462624000000000.0,16599300000000.0,111072000000000.0,624173000000000.0,0.0,511714000000000.0,1036390000000000.0,50913300000000.0,944481000000000.0,26993900000000.0,151702000000000.0,613025000000000.0,2386850000000.0,639365000000000.0,1267690000000000.0,94.3656,48.9818,61.4926,73.2175,101.819,0.0,80.0348,81.754,0.0253836,0.0293132,0.329126,0.300626,0.601236,0.714819,0.0753026,0.111782,0.295901,0.292812,1.0,1.0,0.0752821,0.111143,0.295839,0.291279,1.0,1.0,0.0,0.0,0.0,FALSE,0.0
Indiana,87981.0,87.981,22719.0,18311000.0,804.976,6444160.0,0.0,-1.0,8251.3,3002.72,3946.63,8500.0,0.0,0.0,0.0,0.0,250.0,0.0,15229.3,3866.0,0.0,66.2,2308.8,243.5,0.0,55.4,0.0,71.7,3867.2,0.0,0.0,0.0,0.0,0.0,0.08411,0.10411,0.10411,0.0,0.0,0.0,830.0,6892120.0,12.0427,8355580000000.0,141831000000000.0,1167050000000.0,29795500000000.0,266053000000000.0,0.0,166717000000000.0,357201000000000.0,8854480000000.0,650047000000000.0,11668000000000.0,65572000000000.0,264976000000000.0,5542940000000.0,276362000000000.0,547950000000000.0,94.3656,21.8186,10.0022,45.4394,100.406,0.0,60.3258,65.1886,0.0263546,0.0333074,0.359922,0.346165,0.609588,0.73097,0.129441,0.183366,0.448881,0.447145,1.0,1.0,0.129419,0.182886,0.448833,0.446242,1.0,1.0,0.0,0.0,0.0,FALSE,0.0
Kansas,53004.2,53.0042,0.0,0.0,0.0,3597280.0,13717700.0,2.81336,2519.09,916.72,1204.89,3600.0,150.0,0.0,0.0,0.0,0.0,0.0,4678.5,266.0,1225.0,7.0,6129.4,10.2,0.0,9.0,0.0,557.9,3279.0,0.0,0.0,0.0,0.0,0.0,0.151944,0.151944,0.151944,0.0,0.0,0.0,937.0,2944380.0,31.8234,190089000000000.0,0.0,0.0,21200000000000.0,228179000000000.0,0.0,130231000000000.0,285373000000000.0,201439000000000.0,0.0,10047100000000.0,56463300000000.0,228168000000000.0,184196000000000.0,237971000000000.0,471833000000000.0,94.3656,0.0,0.0,37.5465,100.005,0.0,54.7257,60.4817,0.0496196,0.0584745,0.4601,0.429094,0.630275,0.738389,0.107972,0.164656,0.360957,0.371269,1.0,1.0,0.10792,0.163433,0.360834,0.368871,1.0,1.0,0.0,0.0,0.0,FALSE,0.0
Kentucky,0.0,0.0,3102600.0,9143240.0,1.94696,0.0,0.0,0.0,3169.29,1153.33,1515.88,6100.0,0.0,0.0,0.0,0.0,0.0,0.0,11281.8,1763.0,0.0,1146.9,0.0,26.1,0.0,22.3,0.0,11.9,5168.2,0.0,0.0,0.0,0.0,0.0,0.069755,0.069755,0.069755,0.0,0.0,0.0,399.0,4540740.0,8.7871,14622300000000.0,323564000000000.0,0.0,7123780000000.0,166156000000000.0,0.0,70481800000000.0,167745000000000.0,15495300000000.0,741648000000000.0,7392850000000.0,41546600000000.0,167890000000000.0,79985800000000.0,175103000000000.0,347183000000000.0,94.3656,43.6278,0.0,17.1465,98.9677,0.0,40.2516,48.3161,0.0779703,0.093222,0.521501,0.487618,0.659227,0.760056,0.224137,0.306295,0.623911,0.627213,1.0,1.0,0.224138,0.306519,0.623913,0.627458,1.0,1.0,0.0,0.0,0.0,FALSE,0.0
Louisiana,73514.2,73.5142,11978800.0,24913900.0,1.07983,0.0,0.0,0.0,9282.55,3378.01,4439.88,550.0,1500.0,0.0,0.0,0.0,0.0,0.0,2191.8,6052.9,2132.9,192.0,0.0,1.1,0.0,11.1,0.0,854.7,7230.8,645.3,0.0,0.0,0.0,0.0,0.185968,0.185968,0.185968,0.0,1500.0,0.0,339.0,4559480.0,7.43507,263201000000000.0,0.0,154656000000000.0,622686000000000.0,1949080000000000.0,1114470000000000.0,1997550000000000.0,1289780000000000.0,278916000000000.0,0.0,128984000000000.0,693802000000000.0,2072410000000000.0,3485230000000000.0,2214730000000000.0,1534650000000000.0,94.3656,0.0,119.903,89.7497,94.0494,31.9769,90.1938,84.0439,0.079603,0.090441,0.479705,0.443038,0.662261,0.760781,0.327397,0.537548,0.530433,0.550435,1.0,1.0,0.327288,0.534947,0.530309,0.547712,1.0,1.0,0.0,0.0,0.0,FALSE,0.0
Massachusetts,5379.79,5.37979,18950000.0,34836200.0,0.83832,328490.0,0.0,-1.0,2423.82,882.049,1159.32,0.0,1450.0,0.0,0.0,0.0,50.0,0.0,0.0,5960.6,0.0,264.3,90.8,846.2,0.0,43.6,0.0,2385.8,884.5,0.0,0.0,0.0,0.0,232.3,0.237375,0.457375,0.657375,1.0,2500.0,0.0,4110.0,7020060.0,58.5465,0.0,0.0,0.0,0.0,0.0,0.0,0.0,0.0,0.0,0.0,0.0,0.0,0.0,0.0,0.0,0.0,0.0,0.0,0.0,0.0,0.0,0.0,0.0,0.0,0.0240667,0.0243585,0.485703,0.445409,0.548765,0.666234,0.0597107,0.0998243,0.358641,0.351648,1.0,1.0,0.0593868,0.0992759,0.357312,0.349593,1.0,1.0,1.0,1.0,1.0,TRUE,35.0
Maryland,19532.9,19.5329,22029900.0,24532400.0,0.113594,0.0,0.0,0.0,3939.13,1433.48,1884.1,1600.0,0.0,0.0,0.0,0.0,0.0,0.0,4270.0,2684.6,1707.8,590.0,190.0,305.3,0.0,17.4,0.0,1161.4,3262.3,0.0,0.0,0.0,0.0,115.3,0.716643,0.892143,0.892143,0.0,2500.0,0.0,2815.0,6196520.0,45.4287,0.0,15683700000000.0,0.0,0.0,0.0,0.0,0.0,0.0,0.0,30300400000000.0,0.0,0.0,0.0,10989200000.0,0.0,0.0,0.0,51.7608,0.0,0.0,0.0,0.0,0.0,0.0,0.0639472,0.0696692,0.453056,0.415085,0.611191,0.719304,0.197806,0.27381,0.572914,0.565074,1.0,1.0,0.197031,0.27139,0.571718,0.562419,1.0,1.0,1.0,1.0,1.0,TRUE,30.0
Maine,35771.1,35.7711,1743200.0,3130910.0,0.796068,2632610.0,45143.0,-0.982852,837.242,304.68,400.456,0.0,0.0,0.0,54.0,0.0,0.0,0.0,0.0,1281.6,0.0,709.1,921.6,5.6,0.0,220.7,0.0,877.1,178.0,0.0,0.0,0.0,0.0,11.5,0.523077,0.8,1.0,1.0,2000.0,0.0,537.0,1402110.0,38.2995,0.0,0.0,0.0,0.0,0.0,0.0,0.0,0.0,0.0,0.0,0.0,0.0,0.0,0.0,0.0,0.0,0.0,0.0,0.0,0.0,0.0,0.0,0.0,0.0,0.0148646,0.0155073,0.651075,0.636566,0.660967,0.774682,0.0532818,0.114638,0.629526,0.64015,1.0,1.0,0.0532813,0.114632,0.629523,0.640129,1.0,1.0,1.0,0.0,0.0,TRUE,50.0
Michigan,115274.0,115.274,6305170.0,5282200.0,-0.162243,5249900.0,13267700.0,1.52724,9693.58,3527.59,4636.48,4600.0,1200.0,0.0,0.0,0.0,0.0,0.0,8584.5,4401.1,4089.6,271.5,2185.7,101.0,0.0,329.3,0.0,447.1,6078.5,0.0,0.0,0.0,0.0,0.0,0.458866,0.458866,0.458866,1.0,0.0,0.0,1642.0,10041200.0,16.3526,29244500000000.0,0.0,0.0,0.0,78537300000000.0,0.0,0.0,1573280000000.0,30990700000000.0,0.0,3643140000000.0,20473900000000.0,82734700000000.0,90787100000000.0,86289600000000.0,171089000000000.0,94.3656,0.0,0.0,0.0,94.9267,0.0,0.0,0.919566,0.0269686,0.0304641,0.361094,0.331254,0.621173,0.731472,0.0675634,0.103472,0.30295,0.316122,1.0,1.0,0.0675548,0.1029,0.302921,0.314604,1.0,1.0,0.0,0.0,0.0,FALSE,0.0
Minnesota,90029.2,90.0292,21346300.0,13011000.0,-0.390482,1010030.0,659904.0,-0.34665,9075.85,3302.79,4341.01,3100.0,0.0,0.0,0.0,0.0,450.0,0.0,4042.8,2496.0,1657.0,188.1,3838.9,894.6,0.0,98.3,0.0,713.3,2918.4,0.0,0.0,0.0,0.0,69.7,0.469564,0.5095,0.5095,1.0,0.0,0.0,1226.0,5761530.0,21.2791,0.0,0.0,640502000000.0,27022300000000.0,253833000000000.0,0.0,154946000000000.0,334027000000000.0,0.0,0.0,11145000000000.0,62633300000000.0,253101000000000.0,0.0,263976000000000.0,523393000000000.0,0.0,0.0,5.74697,43.1437,100.29,0.0,58.697,63.8196,0.0388384,0.0405481,0.41468,0.385881,0.588837,0.703817,0.0897943,0.12947,0.39536,0.399306,1.0,1.0,0.0896439,0.128761,0.39492,0.397557,1.0,1.0,1.0,0.0,0.0,FALSE,0.0
Missouri,121019.0,121.019,208971.0,5266400.0,24.2016,68212.0,0.0,-1.0,5127.96,1866.11,2452.72,5250.0,0.0,0.0,0.0,0.0,200.0,0.0,10464.5,1794.9,1190.0,548.5,954.3,61.1,0.0,14.1,0.0,1082.8,4160.3,0.0,0.0,0.0,0.0,0.0,0.170992,0.179459,0.179459,0.0,0.0,0.0,2045.0,6215140.0,32.9035,0.0,3961380000000.0,0.0,0.0,0.0,0.0,0.0,0.0,0.0,3898660000000.0,0.0,0.0,0.0,1098920000.0,0.0,0.0,0.0,101.609,0.0,0.0,0.0,0.0,0.0,0.0,0.0586011,0.0684372,0.550579,0.521662,0.687209,0.784886,0.145958,0.204883,0.498412,0.500875,1.0,1.0,0.145933,0.204403,0.498361,0.500025,1.0,1.0,0.0,0.0,0.0,FALSE,0.0
Mississippi,111092.0,111.092,5054920.0,85752.0,-0.983036,0.0,15330200.0,0.0,3263.32,1187.55,1560.86,1000.0,50.0,0.0,0.0,0.0,0.0,0.0,1444.0,7824.3,1401.0,0.0,0.0,218.1,0.0,1.6,0.0,9.0,3306.0,0.0,0.0,0.0,0.0,0.0,0.173825,0.173825,0.173825,0.0,0.0,0.0,281.0,2940450.0,9.55635,96089200000000.0,0.0,8804930000000.0,44739500000000.0,222860000000000.0,0.0,149684000000000.0,10206300000000.0,101827000000000.0,0.0,15133200000000.0,81401200000000.0,243147000000000.0,36596200000000.0,259845000000000.0,180054000000000.0,94.3656,0.0,58.1827,54.9617,91.6565,0.0,57.6052,5.66847,0.0724809,0.0902697,0.540224,0.517223,0.650024,0.757943,0.258424,0.353569,0.626137,0.628436,1.0,1.0,0.258413,0.35149,0.626125,0.626277,1.0,1.0,0.0,0.0,0.0,FALSE,0.0
Montana,270679.0,270.679,241397.0,60055.0,-0.751219,13137800.0,9211720.0,-0.298838,873.047,317.71,417.581,0.0,0.0,0.0,0.0,0.0,0.0,0.0,2239.0,0.0,0.0,2782.7,791.3,17.0,0.0,0.0,0.0,52.0,388.0,53.1,0.0,0.0,0.0,0.0,0.521108,0.521108,0.521108,0.0,0.0,0.0,203.0,1142750.0,17.7642,131600000000000.0,279145000000000.0,0.0,0.0,293029000000000.0,0.0,43339000000000.0,14706000000000.0,139458000000000.0,703953000000000.0,9137590000000.0,22278000000000.0,305696000000000.0,45938100000000.0,144956000000000.0,184889000000000.0,94.3656,39.6539,0.0,0.0,95.8561,0.0,29.8981,7.95398,0.0302444,0.0314675,0.312669,0.29098,0.619013,0.727466,0.0862097,0.103034,0.42999,0.431616,1.0,1.0,0.0861868,0.102547,0.429918,0.430339,1.0,1.0,0.0,0.0,0.0,TRUE,10.0
North Carolina,79839.8,79.8398,17693800.0,15131700.0,-0.144799,0.0,0.0,0.0,5710.19,2077.99,2731.21,8450.0,0.0,0.0,0.0,0.0,0.0,0.0,10308.0,5373.2,5149.6,1999.3,208.0,4420.9,0.0,310.4,0.0,438.7,5987.2,0.0,0.0,0.0,0.0,0.0,0.497365,0.497365,0.497365,1.0,0.0,0.0,2287.0,10975000.0,20.8382,0.0,0.0,0.0,0.0,0.0,0.0,0.0,0.0,0.0,0.0,0.0,0.0,0.0,0.0,0.0,0.0,0.0,0.0,0.0,0.0,0.0,0.0,0.0,0.0,0.0782251,0.0846459,0.59018,0.556393,0.705409,0.797401,0.285857,0.372817,0.682201,0.68908,1.0,1.0,0.285903,0.373619,0.682251,0.689745,1.0,1.0,0.0,0.0,0.0,FALSE,0.0
North Dakota,28457.0,28.457,1413660.0,2982530.0,1.10979,20571200.0,21752700.0,0.0574321,3434.12,1249.71,1642.55,0.0,0.0,0.0,0.0,0.0,0.0,0.0,3396.2,0.0,0.0,510.0,3527.7,0.0,0.0,0.0,0.0,59.7,581.0,533.3,0.0,0.0,0.0,0.0,0.046222,0.046222,0.046222,0.0,0.0,0.0,134.0,788940.0,16.9848,2970410000000000.0,0.0,0.0,0.0,47844600000000.0,554084000000000.0,0.0,0.0,3147770000000000.0,0.0,2329630000000.0,13092100000000.0,52905200000000.0,759449000000000.0,55178400000000.0,109404000000000.0,94.3656,0.0,0.0,0.0,90.4346,72.9586,0.0,0.0,0.072463,0.0711455,0.621593,0.585875,0.712392,0.800993,0.16259,0.209691,0.592741,0.584371,1.0,1.0,0.162646,0.209975,0.59284,0.584849,1.0,1.0,0.0,0.0,0.0,FALSE,0.0
Nebraska,60527.1,60.5271,257.0,0.0,-1.0,1322620.0,3400150.0,1.57078,1764.19,642.006,843.82,0.0,200.0,0.0,0.0,0.0,0.0,0.0,3793.1,338.2,770.0,279.7,2180.8,23.3,0.0,11.2,0.0,321.0,1670.1,0.0,0.0,0.0,0.0,0.0,0.211121,0.211121,0.211121,1.0,0.0,0.0,345.0,1988700.0,17.348,10444500000000.0,0.0,0.0,0.0,0.0,0.0,0.0,0.0,11068100000000.0,0.0,0.0,0.0,0.0,421984000000.0,0.0,0.0,94.3656,0.0,0.0,0.0,0.0,0.0,0.0,0.0,0.0409454,0.0431716,0.434157,0.399485,0.607332,0.71684,0.132488,0.189905,0.453402,0.45754,1.0,1.0,0.132484,0.189851,0.453394,0.457438,1.0,1.0,0.0,0.0,0.0,FALSE,0.0
New Hampshire,9516.28,9.51628,938788.0,0.0,-1.0,11944700.0,5644670.0,-0.527434,777.506,282.942,371.884,0.0,0.0,0.0,0.0,0.0,0.0,0.0,533.9,1258.0,1250.4,501.9,211.9,0.0,0.0,221.1,0.0,82.1,400.2,0.0,0.0,0.0,0.0,12.0,0.833872,0.869872,0.869872,0.0,0.0,0.0,305.0,1405100.0,21.7066,0.0,0.0,0.0,0.0,0.0,0.0,0.0,0.0,0.0,0.0,0.0,0.0,0.0,0.0,0.0,0.0,0.0,0.0,0.0,0.0,0.0,0.0,0.0,0.0,0.017544,0.0172987,0.647923,0.615387,0.674597,0.777473,0.0594587,0.113403,0.565409,0.581037,1.0,1.0,0.0593692,0.112862,0.565015,0.57909,1.0,1.0,1.0,1.0,0.0,TRUE,61.18
New Jersey,6819.15,6.81915,24337400.0,16636200.0,-0.316437,0.0,0.0,0.0,4751.0,1728.93,2272.42,0.0,0.0,0.0,0.0,0.0,0.0,0.0,463.0,8569.5,3467.1,12.3,7.6,745.5,0.0,63.4,0.0,226.0,2769.8,0.0,0.0,0.0,0.0,105.0,0.668385,0.958385,0.958385,0.0,5000.0,0.0,1610.0,9320860.0,17.2731,0.0,0.0,71683400000000.0,77101000000000.0,430149000000000.0,0.0,229700000000000.0,1937950000000000.0,0.0,0.0,27628000000000.0,74499200000000.0,425273000000000.0,0.0,212886000000000.0,2173790000000000.0,0.0,0.0,259.459,103.492,101.147,0.0,107.898,89.151,0.0281604,0.0332257,0.298068,0.278806,0.659537,0.761401,0.0719086,0.113841,0.305357,0.299234,1.0,1.0,0.0713815,0.112619,0.303679,0.296,1.0,1.0,1.0,0.82,1.0,TRUE,50.0
New Mexico,131740.0,131.74,39073.0,0.0,-1.0,13046900.0,8229980.0,-0.369202,1357.11,493.864,649.109,1550.0,300.0,0.0,0.0,0.0,100.0,0.0,2640.0,1415.5,0.0,82.9,2034.4,671.7,0.0,5.4,8.6,19.0,1792.3,0.0,0.0,0.0,0.0,0.0,0.20213,0.446623,0.787978,1.0,0.0,0.0,397.0,2115270.0,18.7683,1886270000000000.0,95212500000000.0,0.0,0.0,76895700000000.0,1112440000000000.0,0.0,0.0,1998900000000000.0,299406000000000.0,5506310000000.0,29618300000000.0,88470500000000.0,1777120000000000.0,94546200000000.0,65513800000000.0,94.3656,31.8004,0.0,0.0,86.9168,62.598,0.0,0.0,0.03437,0.0424098,0.356027,0.339058,0.629942,0.739657,0.0809887,0.11766,0.327815,0.35002,1.0,1.0,0.0804976,0.115006,0.326359,0.343973,1.0,1.0,1.0,1.0,1.0,FALSE,0.0
Nevada,47252.3,47.2523,2917970.0,843788.0,-0.710831,66761.0,527100.0,6.89533,1907.86,694.289,912.537,500.0,700.0,0.0,0.0,0.0,0.0,0.0,740.4,5445.0,0.0,1051.4,150.0,2116.7,178.5,9.8,518.0,6.0,1511.6,0.0,0.0,0.0,0.0,0.0,0.267021,0.491032,0.366581,0.0,0.0,0.0,1209.0,3210930.0,37.6526,2088900000000.0,0.0,0.0,0.0,0.0,0.0,0.0,0.0,2213620000000.0,0.0,453848000000.0,1643310000000.0,370597000000.0,2197840000.0,2152290000000.0,5085050000000.0,94.3656,0.0,0.0,0.0,0.0,0.0,0.0,0.0,0.0402985,0.048093,0.373032,0.347714,0.606324,0.713968,0.150061,0.225467,0.408458,0.417089,1.0,1.0,0.14995,0.225039,0.408248,0.416469,1.0,1.0,1.0,0.0,0.0,FALSE,0.0
New York,65139.6,65.1396,19936900.0,27919100.0,0.400372,3361220.0,1750160.0,-0.479308,9918.33,3609.37,4743.97,0.0,0.0,0.0,0.0,0.0,50.0,0.0,1204.4,8862.5,5396.3,4544.6,1979.6,470.2,0.0,174.3,0.0,2584.2,12715.8,0.0,0.0,0.0,0.0,194.8,0.454,0.7,1.0,1.0,2000.0,0.0,6547.0,19469200.0,33.6274,2088900000000.0,0.0,0.0,0.0,0.0,0.0,0.0,0.0,2213620000000.0,0.0,0.0,0.0,0.0,12046300000000.0,0.0,0.0,94.3656,0.0,0.0,0.0,0.0,0.0,0.0,0.0,0.0264608,0.0299385,0.309776,0.28855,0.660102,0.762427,0.0558363,0.0948431,0.288704,0.283368,1.0,1.0,0.0557919,0.0946662,0.288531,0.28283,1.0,1.0,1.0,1.0,1.0,TRUE,35.0
Ohio,105180.0,105.18,19424300.0,30782500.0,0.584738,0.0,0.0,0.0,7628.66,2776.14,3648.82,3100.0,0.0,1000.0,0.0,0.0,0.0,0.0,11488.5,6991.3,2134.0,101.9,688.9,103.9,0.0,96.9,0.0,662.4,5781.6,0.0,0.0,0.0,0.0,0.0,0.173661,0.138812,0.138812,0.0,0.0,0.0,1807.0,11812200.0,15.2978,160845000000000.0,75444700000000.0,5214770000000.0,51113500000000.0,359984000000000.0,1318760000000000.0,257207000000000.0,535344000000000.0,170449000000000.0,160234000000000.0,15687800000000.0,88162900000000.0,356266000000000.0,2859610000000000.0,371574000000000.0,736730000000000.0,94.3656,47.0839,33.2409,57.9762,101.044,46.1167,69.2209,72.6649,0.0286036,0.0345085,0.369088,0.343889,0.600177,0.716129,0.104508,0.155442,0.383627,0.383833,1.0,1.0,0.104487,0.154739,0.383573,0.382389,1.0,1.0,0.0,0.0,0.0,TRUE,45.0
Oklahoma,68399.4,68.3994,0.0,0.0,0.0,14384500.0,11920000.0,-0.171334,4313.41,1569.69,2063.12,1850.0,250.0,0.0,0.0,0.0,50.0,0.0,3246.0,7321.2,0.0,863.6,8168.7,30.5,0.0,2.8,0.0,65.1,7248.8,0.0,0.0,0.0,0.0,0.0,0.0,0.0,0.0,0.0,0.0,0.0,975.0,4088380.0,23.8481,1211560000000000.0,3272180000000.0,3279080000000.0,40918900000000.0,315064000000000.0,1799890000000000.0,213933000000000.0,450153000000000.0,1283900000000000.0,4682780000000.0,13765400000000.0,77359500000000.0,312610000000000.0,3175460000000000.0,326041000000000.0,646452000000000.0,94.3656,69.8769,23.8211,52.8944,100.785,56.6812,65.6153,69.6344,0.0721555,0.0849251,0.450049,0.419418,0.628156,0.735824,0.188939,0.307261,0.401099,0.420551,1.0,1.0,0.188921,0.305436,0.40107,0.41838,1.0,1.0,0.0,0.0,0.0,FALSE,0.0
Oregon,144558.0,144.558,596545.0,191994.0,-0.678157,4892460.0,3515910.0,-0.281361,3057.58,1112.68,1462.45,0.0,450.0,0.0,6.0,0.0,0.0,0.0,585.0,3357.3,0.0,8317.0,3415.3,400.4,0.0,92.0,19.5,0.0,358.2,0.0,0.0,0.0,0.0,11.5,0.597957,0.721699,0.819165,1.0,2500.0,0.0,2142.0,4227340.0,50.6702,0.0,0.0,0.0,0.0,0.0,0.0,0.0,0.0,0.0,0.0,0.0,0.0,0.0,438468000000.0,0.0,0.0,0.0,0.0,0.0,0.0,0.0,0.0,0.0,0.0,0.118559,0.118298,0.488707,0.461043,0.66869,0.766663,0.164865,0.219466,0.51824,0.514074,1.0,1.0,0.164826,0.219198,0.518168,0.513646,1.0,1.0,1.0,1.0,1.0,TRUE,110.0
Pennsylvania,86791.8,86.7918,888943.0,0.0,-1.0,56834100.0,84594900.0,0.488452,13790.8,5018.62,6596.21,3400.0,0.0,0.0,0.0,0.0,0.0,0.0,9348.1,16907.3,9093.2,899.6,1460.0,68.4,0.0,191.4,0.0,1548.4,5957.3,0.0,0.0,0.0,0.0,196.9,0.507506,0.507506,0.507506,0.0,0.0,0.0,2438.0,12951300.0,18.8244,37600100000000.0,390819000000000.0,109558000000000.0,127369000000000.0,631224000000000.0,5023000000000000.0,379622000000000.0,2903790000000000.0,39845200000000.0,1030990000000000.0,40347900000000.0,108798000000000.0,621068000000000.0,7474030000000000.0,310898000000000.0,3174600000000000.0,94.3656,37.9073,271.534,117.068,101.635,67.206,122.105,91.4696,0.0232588,0.0260258,0.299452,0.283227,0.649104,0.756784,0.0931159,0.163547,0.425012,0.431499,1.0,1.0,0.092977,0.162217,0.42461,0.428477,1.0,1.0,0.0,0.0,0.0,FALSE,0.0
Rhode Island,924.251,0.924251,1142520.0,12783.0,-0.988812,51858.0,1330950.0,24.6653,379.431,138.078,181.483,0.0,0.0,0.0,0.0,0.0,0.0,0.0,0.0,1787.2,0.0,2.7,39.0,79.5,0.0,40.1,0.0,7.1,0.0,0.0,29.3,0.0,0.0,0.0,0.175478,0.720478,1.0,1.0,0.0,0.0,521.0,1098080.0,47.4464,0.0,0.0,0.0,0.0,0.0,0.0,0.0,0.0,0.0,0.0,0.0,0.0,0.0,0.0,0.0,0.0,0.0,0.0,0.0,0.0,0.0,0.0,0.0,0.0,0.0257423,0.0268584,0.550594,0.520233,0.602884,0.72104,0.0508417,0.0919419,0.324772,0.316134,1.0,1.0,0.0508643,0.0920259,0.324875,0.31646,1.0,1.0,1.0,1.0,1.0,TRUE,67.07
South Carolina,64623.8,64.6238,0.0,0.0,0.0,12158900.0,11884900.0,-0.0225346,3616.71,1316.16,1729.89,2400.0,0.0,0.0,9.0,0.0,50.0,0.0,4769.0,3185.0,6576.2,1310.9,0.0,654.2,0.0,180.1,0.0,459.5,3697.5,0.0,0.0,0.0,0.0,0.0,0.572364,0.572364,0.572364,0.0,0.0,0.0,769.0,5464160.0,14.0735,0.0,0.0,0.0,0.0,0.0,0.0,0.0,0.0,0.0,0.0,0.0,0.0,0.0,0.0,0.0,0.0,0.0,0.0,0.0,0.0,0.0,0.0,0.0,0.0,0.073678,0.0785729,0.561536,0.52651,0.671726,0.76985,0.332829,0.424862,0.691327,0.693492,1.0,1.0,0.333219,0.427093,0.691702,0.695264,1.0,1.0,0.0,0.0,0.0,FALSE,0.0
South Dakota,85695.2,85.6952,4734460.0,0.0,-1.0,0.0,3529190.0,0.0,1116.64,406.355,534.092,0.0,0.0,0.0,0.0,0.0,150.0,0.0,474.0,295.0,0.0,1598.0,1375.9,1.0,0.0,0.0,0.0,213.4,713.4,0.0,0.0,0.0,0.0,0.0,0.287636,0.287636,0.287636,0.0,0.0,0.0,147.0,928767.0,15.8274,6266680000000.0,0.0,0.0,0.0,0.0,0.0,0.0,0.0,6640860000000.0,0.0,0.0,0.0,0.0,453853000000.0,0.0,0.0,94.3656,0.0,0.0,0.0,0.0,0.0,0.0,0.0,0.0647871,0.0667275,0.546156,0.512183,0.699549,0.792535,0.155082,0.21125,0.55097,0.554919,1.0,1.0,0.155118,0.211514,0.551038,0.555371,1.0,1.0,0.0,0.0,0.0,FALSE,0.0
Tennessee,0.0,0.0,23974600.0,28450900.0,0.18671,0.0,0.0,0.0,3356.76,1221.56,1605.55,5700.0,0.0,0.0,0.0,0.0,750.0,0.0,5714.0,2455.1,4522.7,2616.6,29.1,174.5,0.0,14.2,0.0,43.2,3752.8,0.0,0.0,0.0,0.0,0.0,0.584411,0.584411,0.584411,0.0,0.0,0.0,1381.0,7204000.0,19.1699,2088900000000.0,2368900000000.0,0.0,0.0,100543000000000.0,0.0,7273250000000.0,43308500000000.0,2213620000000.0,8979170000000.0,4584900000000.0,25766400000000.0,104122000000000.0,3072570000000.0,108596000000000.0,215316000000000.0,94.3656,26.3822,0.0,0.0,96.5632,0.0,6.69755,20.1139,0.0867524,0.107575,0.542354,0.518012,0.678903,0.780572,0.246662,0.333898,0.635342,0.628787,1.0,1.0,0.24666,0.333817,0.635339,0.628703,1.0,1.0,0.0,0.0,0.0,FALSE,0.0
Texas,178691.0,178.691,960994.0,21903700.0,21.7927,2678090.0,2550580.0,-0.0476141,28321.3,10306.4,13546.2,5900.0,6350.0,0.0,0.0,0.0,0.0,0.0,13381.6,37286.8,4960.0,668.7,28041.5,2444.9,0.0,214.1,0.0,23.3,25102.8,5491.0,0.0,0.0,0.0,0.0,0.153087,0.16756,0.16756,0.0,0.0,0.0,4946.0,30976800.0,15.9668,1.05907e+16,0.0,278864000000000.0,1114870000000000.0,3419150000000000.0,3828390000000000.0,3571200000000000.0,2379470000000000.0,1.12231e+16,33749600000000.0,225941000000000.0,1215330000000000.0,3630220000000000.0,8910160000000000.0,3879520000000000.0,2688230000000000.0,94.3656,0.0,123.424,91.734,94.1858,42.9665,92.0527,88.5144,0.0811882,0.0924248,0.526129,0.490803,0.701216,0.792622,0.299693,0.48425,0.508359,0.521749,1.0,1.0,0.299517,0.48223,0.508149,0.519634,1.0,1.0,0.0,0.0,0.0,FALSE,0.0
Utah,156641.0,156.641,12346.0,0.0,-1.0,16219100.0,7515600.0,-0.536621,1398.48,508.921,668.899,4500.0,200.0,0.0,0.0,0.0,100.0,0.0,4581.0,1830.0,0.0,259.6,388.2,916.7,0.0,10.6,70.7,27.8,780.5,0.0,0.0,0.0,0.0,0.0,0.011595,0.011595,0.011595,0.0,0.0,0.0,1758.0,3454230.0,50.8941,210978000000000.0,40371900000000.0,0.0,0.0,276109000000000.0,0.0,35474200000000.0,4847450000000.0,223576000000000.0,296723000000000.0,8621600000000.0,21020000000000.0,288434000000000.0,288157000000000.0,136770000000000.0,174448000000000.0,94.3656,13.6059,0.0,0.0,95.7271,0.0,25.9371,2.77873,0.0360531,0.0393224,0.356083,0.330994,0.625129,0.730139,0.0985396,0.135371,0.351466,0.349668,1.0,1.0,0.0981332,0.134313,0.350422,0.347641,1.0,1.0,0.0,0.0,0.0,FALSE,0.0
Virginia,70816.4,70.8164,48576200.0,41103600.0,-0.153833,0.0,0.0,0.0,7698.1,2801.41,3682.03,450.0,800.0,0.0,156.0,0.0,0.0,0.0,2835.9,8868.0,3568.0,863.5,0.0,554.8,0.0,329.7,0.0,2336.0,4707.3,0.0,0.0,0.0,0.0,98.0,0.03868,0.248656,0.828855,1.0,0.0,0.0,2507.0,8752300.0,28.6439,0.0,54338100000000.0,0.0,0.0,0.0,0.0,0.0,0.0,0.0,253304000000000.0,0.0,0.0,0.0,116827000000000.0,0.0,0.0,0.0,21.4517,0.0,0.0,0.0,0.0,0.0,0.0,0.100109,0.109265,0.622633,0.588558,0.748062,0.830079,0.250594,0.334719,0.654962,0.658435,1.0,1.0,0.250604,0.334897,0.654974,0.658594,1.0,1.0,1.0,0.0,0.0,FALSE,0.0
Vermont,10933.2,10.9332,2534010.0,13906200.0,4.48782,3172330.0,10304500.0,2.24825,144.231,52.487,68.9862,0.0,0.0,0.0,6.0,0.0,0.0,0.0,0.0,0.0,0.0,331.2,150.2,121.5,0.0,81.1,0.0,110.6,0.0,0.0,0.0,0.0,0.0,0.0,0.603333,0.723333,0.75,0.0,4000.0,0.0,831.0,647818.0,128.277,0.0,0.0,0.0,0.0,0.0,0.0,0.0,0.0,0.0,0.0,0.0,0.0,0.0,0.0,0.0,0.0,0.0,0.0,0.0,0.0,0.0,0.0,0.0,0.0,0.0131262,0.0126471,0.514741,0.476583,0.558156,0.677549,0.0402773,0.068955,0.517506,0.532083,1.0,1.0,0.0399316,0.0680971,0.515263,0.527129,1.0,1.0,1.0,1.0,1.0,TRUE,12.28
Washington,115359.0,115.359,2973170.0,6695720.0,1.25205,19114800.0,22381100.0,0.170877,4370.57,1590.49,2090.46,650.0,0.0,0.0,0.0,0.0,0.0,0.0,1340.0,2635.6,1163.0,21225.1,3073.1,19.7,0.0,96.4,0.0,2.5,623.8,0.0,0.0,0.0,0.0,22.7,0.154368,0.411088,0.838955,1.0,0.0,0.0,3765.0,7841280.0,48.0151,0.0,0.0,55630200000000.0,227534000000000.0,74013400000000.0,0.0,183226000000000.0,492491000000000.0,0.0,0.0,61051700000000.0,221057000000000.0,49852700000000.0,0.0,289526000000000.0,684042000000000.0,0.0,0.0,91.1198,102.93,148.464,0.0,63.2849,71.9973,0.132626,0.134233,0.468798,0.43962,0.641013,0.743135,0.188705,0.258928,0.519953,0.522311,1.0,1.0,0.188662,0.258255,0.519882,0.521355,1.0,1.0,1.0,1.0,1.0,TRUE,50.0
Wisconsin,72332.7,72.3327,14492200.0,10552000.0,-0.271881,30.0,0.0,-1.0,5813.41,2115.55,2780.58,2650.0,50.0,0.0,0.0,0.0,500.0,0.0,5487.2,2726.5,1201.1,385.5,306.8,37.4,0.0,201.8,0.0,588.4,3830.3,0.0,0.0,0.0,0.0,0.0,0.288484,0.288484,0.288484,0.0,0.0,0.0,881.0,5931370.0,14.8532,0.0,0.0,0.0,0.0,22363800000000.0,0.0,0.0,0.0,0.0,0.0,1239160000000.0,6963900000000.0,28141100000000.0,0.0,29350200000000.0,58193500000000.0,0.0,0.0,0.0,0.0,79.4704,0.0,0.0,0.0,0.0304939,0.0339349,0.380716,0.351417,0.644463,0.751491,0.0817109,0.114502,0.390092,0.391038,1.0,1.0,0.0816799,0.113668,0.389994,0.388802,1.0,1.0,0.0,0.0,0.0,FALSE,0.0
West Virginia,38943.6,38.9436,0.0,489533.0,0.0,53754300.0,30527400.0,-0.432095,4043.56,1471.49,1934.05,8850.0,0.0,0.0,0.0,0.0,0.0,0.0,12568.0,0.0,0.0,237.8,686.3,0.0,0.0,3.2,0.0,11.0,1093.4,0.0,0.0,0.0,0.0,0.0,0.025891,0.025891,0.025891,0.0,0.0,0.0,266.0,1766110.0,15.0614,96089200000000.0,679943000000000.0,0.0,0.0,16337000000000.0,1842380000000000.0,0.0,0.0,101827000000000.0,1921370000000000.0,1450460000000.0,3911160000000.0,22326600000000.0,2162250000000000.0,11176400000000.0,114123000000000.0,94.3656,35.3884,0.0,0.0,73.1729,85.2065,0.0,0.0,0.0466065,0.0502039,0.388975,0.355799,0.568163,0.685663,0.191624,0.240357,0.593929,0.592079,1.0,1.0,0.191467,0.237984,0.593685,0.589273,1.0,1.0,0.0,0.0,0.0,FALSE,0.0
Wyoming,138513.0,138.513,22734.0,0.0,-1.0,27550700.0,25354900.0,-0.0796988,1488.0,541.497,711.715,3950.0,0.0,0.0,0.0,0.0,0.0,0.0,6332.0,94.0,0.0,307.1,1485.9,92.0,0.0,0.0,0.0,4.7,150.0,0.0,0.0,0.0,0.0,0.0,0.018188,0.018188,0.018188,0.0,0.0,0.0,169.0,586485.0,28.8157,584891000000000.0,4880490000000000.0,0.0,0.0,248399000000000.0,1168300000000000.0,22593300000000.0,0.0,619814000000000.0,5703850000000000.0,7776500000000.0,18959600000000.0,260161000000000.0,1544450000000000.0,123364000000000.0,157349000000000.0,94.3656,85.5648,0.0,0.0,95.4787,75.6453,18.3144,0.0,0.043807,0.0449157,0.3916,0.364675,0.613455,0.719613,0.0961559,0.120391,0.408879,0.414462,1.0,1.0,0.0961262,0.119467,0.408796,0.412388,1.0,1.0,0.0,0.0,0.0,FALSE,0.0
